Name,Type,Lucee,BoxLang,RustCFML Impl,RustCFML Test,Example Code,Expected Output
abs,function,Yes,✅,✅,✅,abs(-4.3),4.3
acos,function,Yes,✅,✅,✅,acos(0.3),1.266103672779
addsoaprequestheader,function,Yes,❌,❌,❌,"/ws = createObject(""webservice"", ""http://localhost/soapheaders/headerservice.cfc?WSDL"");
addSOAPRequestHeader(ws, ""http://mynamespace/"", ""username"", """,
addsoapresponseheader,function,Yes,❌,❌,❌,"ws = createObject(""webservice"", ""http://localhost/soapheaders/headerservice.cfc?WSDL"");
addSOAPRequestHeader(ws, ""http://mynamespace/"", ""username"", ""t",
ajaxlink,function,Yes,❌,❌,❌,N/A,N/A
ajaxonload,function,Yes,❌,❌,❌,N/A,N/A
applicationstarttime,function,Yes,✅,❌,❌,N/A,N/A
applicationstop,function,Yes,✅,✅,✅,"var applicationRequiresHalt = true;
if(applicationRequiresHalt) applicationStop();
writeOutput(""Still Running"");",// We don't expect anything to happen after the application has been stopped.
argon2checkhash,function,Yes,❌,❌,❌,"hashedValue = GenerateArgon2Hash(""CFDocs.org"");
dump(hashedValue);
check1 = Argon2CheckHash( ""CFDocs.org"", hashedValue);
dump( check1 );
check2 = Argo",
array,function,Yes,❌,❌,❌,"exampleArray = Array(""example-string"", 1, {structExample = ""value""}, [1,2,3]);
dump(exampleArray);",
arrayappend,function,Yes,✅,✅,✅,"someArray = [1,2,3];
arrayAppend(someArray, 4);
writeOutput(serializeJSON(someArray));","[1,2,3,4]"
arrayavg,function,Yes,✅,✅,✅,"numberArray = [1,2,3];
writeOutput(arrayAvg(numberArray));",2
arrayclear,function,Yes,✅,✅,✅,"someArray = [""Red"", ""White"", ""Green"", ""Blue"", ""Pink""];
writeOutput(arrayClear(someArray));",Yes
arraycontains,function,Yes,❌,✅,✅,"someArray = [1,2,3];
writeDump(arrayContains(someArray,2));",true
arraycontainsnocase,function,Yes,❌,✅,✅,"writeOutput(arrayContainsNoCase([""first"", ""SECOND""], ""First""));",
arraydelete,function,Yes,✅,✅,✅,"arr = ['apple', 'orange', 'pear', 'apple'];
arrayDelete(arr, 'apple');

writeDump(arr);","['orange','pear','apple']"
arraydeleteat,function,Yes,✅,✅,✅,"someArray = [""Red"", ""White"", ""Green"", ""Blue"", ""Pink""];
arrayDeleteAt(someArray, 3);
writeOutput(serializeJSON(someArray));","[""Red"", ""White"", ""Blue"", ""Pink""]"
arraydeletenocase,function,Yes,❌,✅,✅,"arr = ['apple', 'orange', 'pear', 'Apple'];
arrayDeleteNoCase(arr, 'Apple');

writeDump(arr);","['orange','pear','Apple']"
arrayeach,function,Yes,✅,✅,✅,"letters = [""a"",""b"",""c"",""d""]; 
arrayEach(letters, function(element,index) {
    writeOutput(""#index#:#element#;"");
});",1:a;2:b;3:c;4:d;
arrayevery,function,Yes,✅,✅,✅,N/A,N/A
arrayfilter,function,Yes,✅,✅,✅,"fruitArray = [{'fruit'='apple', 'rating'=4}, {'fruit'='banana', 'rating'=1}, {'fruit'='orange', 'rating'=5}, {'fruit'='mango', 'rating'=2}, {'fruit'='","[{""fruit"":""apple"",""rating"":4},{""fruit"":""orange"",""rating"":5},{""fruit"":""kiwi"",""rating"":3}]"
arrayfind,function,Yes,✅,✅,✅,"writeOutput( arrayFind( [""orange"",""pineapple"",""apple""], ""apple"" ));",3
arrayfindall,function,Yes,✅,✅,✅,"courses = [{
    name: ""Getting started with ColdFusion"",
    participants: []
},{
    name: ""Caching in ColdFusion"",
    participants: [{
        nam","2,4"
arrayfindallnocase,function,Yes,❌,❌,❌,"var fruitArray = ['apple','banana','apple','orange','kiwi'];
var applePositions = arrayFindAllNoCase(fruitArray, 'APPLE');
writeDump(applePositions);","[1,3]."
arrayfindnocase,function,Yes,❌,✅,✅,"writeOutput( arrayFindNoCase([""orange"",""pineapple"",""apple""], ""Apple"" ) );",3
arrayfirst,function,Yes,✅,✅,✅,"someArray = [1,2,3,4];
WriteOutput(someArray.first());",1
arrayindexexists,function,Yes,✅,✅,✅,"myArray=[];
myArray[1]='one';
myArray[2]='two';
myArray[3]='three';
myArray[4]='four';
myArray[5]='five';
result = arrayIndexExists(myArray, 3);
write",true
arrayinsertat,function,Yes,✅,✅,✅,"someArray = [1,2,3];
arrayInsertAt(someArray, 2, 4);
writeOutput(serializeJSON(someArray));","[1,4,2,3]"
arrayisdefined,function,Yes,❌,✅,✅,"someArray = [1,2,3,4,5];
writeOutput(arrayIsDefined(someArray, 3));",Yes
arrayisempty,function,Yes,✅,✅,✅,"someArray = [1,2,3,4,5];
writeOutput(arrayIsEmpty(someArray));",No
arraylast,function,Yes,✅,✅,✅,"someArray = [""first"", ""second"", ""third""];
lastOne=arrayLast(someArray);
writeOutput(lastOne);","""third"""
arraylen,function,Yes,❌,✅,✅,"numberArray = [1,2,3,4];
writeOutput(arrayLen(numberArray));",4
arraymap,function,Yes,✅,✅,✅,"complexData = [ {a: 4}, {a: 18}, {a: 51} ];
newArray = arrayMap( complexData, function(item){
   return item.a;
});
writeDump(newArray);","[4, 18, 51]"
arraymax,function,Yes,✅,✅,✅,"someArray = arrayNew(1);
writeOutput(arrayMax(someArray));",0
arraymedian,function,Yes,✅,✅,✅,"someArray = [1,2,2];
m=arrayMedian(someArray);
writeOutput(m);",2
arraymerge,function,Yes,✅,✅,✅,"fruit = ['apple','banana','orange'];
veggies = ['tomato','carrot','corn','peas','peppers'];
healthyFoods = arrayMerge(fruit, veggies);
writeOutput(arr","apple,banana,orange,tomato,carrot,corn,peas,peppers"
arraymid,function,Yes,❌,✅,✅,"vehicles = ['Mustang','Nova','Celica','Camry','Tacoma','Tundra','Ram','F-250'];
trucks = arrayMid(vehicles, 5);
writeOutput(arrayToList(trucks));","Tacoma,Tundra,Ram,F-250"
arraymin,function,Yes,✅,✅,✅,"someArray = arrayNew(1);
writeOutput(arrayMin(someArray));",0
arraynew,function,Yes,✅,✅,✅,"newArray = arrayNew(1);
someArray = arraySet(newArray, 1, 4, ""All is well"");
writeOutput( serializeJSON(newArray) );","[""All is well"", ""All is well"", ""All is well"", ""All is well""]"
arraypop,function,Yes,✅,✅,✅,"arr=[1,2,42];
p=arrayPop(array=arr);
writeOutput(p);",42
arrayprepend,function,Yes,✅,✅,✅,"someArray = [3,2,1]; 
arrayPrepend(someArray, 4);
writeDump(someArray);","[4,3,2,1]"
arraypush,function,Yes,✅,❌,❌,"arr=[1,2,3];
arrayPush(array=arr,value=42);
writeOutput('This array has ' & arrayLen(arr) & ' elements.');",This array has 4 elements.
arrayreduce,function,Yes,✅,✅,✅,"complexData = [ {a: 4}, {a: 18}, {a: 51} ];sum = arrayReduce( complexData, function(prev, element){
	return prev + element.a;
}, 0 );
writeOutput(sum)",73
arrayresize,function,Yes,✅,✅,✅,"<cfset MyArray = arrayNew(1)> 
 <!--- Resize that array to the number of records in the query. ---> 
 <cfset temp = arrayResize(MyArray, 8)> 
  <cf",
arrayreverse,function,Yes,✅,✅,✅,"myArray = [1,2,3];
myArrayReversed = arrayReverse(myArray);
writeOutput( serializeJSON( myArrayReversed ) );","[3,2,1]"
arrayset,function,Yes,✅,✅,✅,"<cfset MyNewArray = arrayNew(1)> 
<!--- ArrayToList does not function properly if the Array has not been initialized with arraySet. ---> 
<cfset tem","Initial Value, Initial Value, Initial Value, Initial Value, Initial Value, Initial Value"
arrayshift,function,Yes,✅,✅,✅,"arr = [ 1, 2, 3 ];
el = arrayShift(arr);
writeOutput( el );",1
arrayslice,function,Yes,✅,✅,✅,"
array = [1, 2, 3, 4, 5, 6, 7, 8];
newArray = arraySlice(array, 2, 3);
writedump(newArray)","[2,3,4]"
arraysome,function,Yes,✅,✅,✅,"// Create an array
arrayList = [""apple"", ""pineapple"", ""mango"", ""apricot""];

// Match some
result = arraySome(arrayList, function(fruit) {
    ret",Some matches were found!
arraysort,function,Yes,✅,✅,✅,"someArray = [10,20,-99,46,50];
arraySort(someArray, ""numeric"", ""desc"");
writeOutput( serializeJSON(someArray) );","[50,46,20,10,-99]"
arraysplice,function,Yes,✅,✅,✅,"months = ['Jan', 'March', 'April', 'June'];
item = [""Feb""];
arraySplice( months, 2, 0, item );
writedump(months);","[""Jan"",""Feb"",""March"",""April"",""June""]"
arraysum,function,Yes,✅,✅,✅,"numberArray = [10,99,27,72];
writeOutput( arraySum(numberArray));",208
arrayswap,function,Yes,✅,✅,✅,"superiorArray = ['Spider-Man','Green Goblin','Doctor Octopus','Venom'];
arraySwap(superiorArray,1,3);
writeDump(superiorArray);","['Doctor Octopus', 'Green Goblin', 'Spider-Man', 'Venom']"
arraytolist,function,Yes,✅,✅,✅,"someArray = [1,2,3,4];
someList = arrayToList(someArray,""|"");
writeOutput(someList);","""1|2|3|4"""
arraytostruct,function,Yes,✅,✅,✅,"serializeJSON(arrayToStruct([""a"",""b""]));","{""2"":""b"",""1"":""a""}"
arrayunshift,function,Yes,✅,❌,❌,"arr=[1,2,3];
newArrLen=arrayUnshift(arr,0);
writeOutput(newArrLen);",4
asc,function,Yes,❌,✅,✅,"x = chr( 8361 ); 
 writeoutput( 'character: #x#' ); 
 x = asc( x ); 
 writeoutput( '<br>Unicode value: #x#');",
asin,function,Yes,✅,✅,✅,asin(0.3),0.304692654015
atn,function,Yes,✅,❌,❌,atn(0.3),0.291456794478
beat,function,Yes,❌,❌,❌,beat(),
binarydecode,function,Yes,✅,✅,✅,"binaryDecode('F62B','hex');",[BINARY]
binaryencode,function,Yes,✅,✅,✅,"s = binaryDecode('737472696E67','hex');
 binaryEncode(s,'hex');",737472696E67
bitand,function,Yes,✅,✅,✅,N/A,N/A
bitmaskclear,function,Yes,✅,✅,✅,N/A,N/A
bitmaskread,function,Yes,✅,✅,✅,N/A,N/A
bitmaskset,function,Yes,✅,✅,✅,N/A,N/A
bitnot,function,Yes,✅,✅,✅,N/A,N/A
bitor,function,Yes,✅,✅,✅,N/A,N/A
bitshln,function,Yes,❌,✅,✅,N/A,N/A
bitshrn,function,Yes,❌,✅,✅,N/A,N/A
bitxor,function,Yes,✅,✅,✅,N/A,N/A
booleanformat,function,Yes,✅,✅,✅,booleanFormat(1),true
bundleinfo,function,Yes,❌,❌,❌,dump(bundleInfo(obj));,
cacheclear,function,Yes,❌,✅,✅,N/A,N/A
cachecount,function,Yes,❌,✅,✅,N/A,N/A
cachedelete,function,Yes,❌,✅,✅,N/A,N/A
cacheget,function,Yes,❌,✅,✅,"cowSays = cacheGet( ""cow"" );
if ( isNull( cowSays ) ) {
    cowSays = ""moo"";
    cachePut( ""cow"", cowSays, createTimeSpan( 0, 0, 30, 0 ), createTimeSp",The cow says moo
cachegetall,function,Yes,❌,✅,✅,N/A,N/A
cachegetallids,function,Yes,❌,✅,✅,N/A,N/A
cachegetdefaultcachename,function,Yes,❌,❌,❌,N/A,N/A
cachegetmetadata,function,Yes,❌,❌,❌,N/A,N/A
cachegetproperties,function,Yes,❌,❌,❌,N/A,N/A
cacheidexists,function,Yes,❌,❌,❌,"<!--- Creating a new object ---> 
 <cfset obj1 = structNew()> 
 <cfset obj1.name = 'xyz'> 
 <!--- Defining the time to live and time to Idle parame",
cachekeyexists,function,Yes,❌,✅,✅,N/A,N/A
cacheput,function,Yes,❌,✅,✅,"<cfset cachedData = cacheGet(""wt-6-cache"")>
<!--- If the data is not cached, create it and do a cache put. --->
<cfif isNull(cachedData)>
	Cache doesn",
cacheregionexists,function,Yes,❌,❌,❌,"<cfif NOT cacheRegionExists('testregion')>
    <cfset cacheRegionNew('testregion')>
</cfif>",
cacheregionnew,function,Yes,❌,❌,❌,"<cfset defaultCacheProps = structNew()> 
 <cfset defaultCacheProps.CLEARONFLUSH = 'true'> 
 <cfset defaultCacheProps.DISKEXPIRYTHREADINTERVALSECONDS",
cacheregionremove,function,Yes,❌,❌,❌,<cfset cacheRegionRemove('testregion')>,
cacheremove,function,Yes,❌,❌,❌,cacheRemove( 'myCachedQuery' );,
cacheremoveall,function,Yes,❌,❌,❌,"// generate some data to cache
for ( i = 1; i <= 10; i++ ) {
  cachePut( 'cache_#i#', ""Test data #i#"" );
}

function cacheObjCount() {
    retur",
cachesetproperties,function,Yes,❌,❌,❌,N/A,N/A
callstackdump,function,Yes,❌,❌,❌,"<cftry>
<cfinclude template=""fact.cfm"">
<cfcatch type=""any"">
<cfoutput>
#cfcatch.message#
<br>#cfcatch.detail#
<br>
</cfoutput>
</cfcatch>
</",
callstackget,function,Yes,✅,❌,❌,"<!--- callfact.cfm --->
<cftry>
    <cfinclude template=""fact.cfm"">
<cfcatch type=""any"">
    <cfoutput>
        #cfcatch.message#
        <br>#c",
canonicalize,function,Yes,❌,✅,✅,"<cfoutput>#canonicalize(""&lt;"",false,false)#</cfoutput>",<
ceiling,function,Yes,✅,✅,✅,ceiling(1.1),2
cfabort,tag,Yes,?,✅,✅,"try {
	// make a call to a non-existent function
	firstName = userService.getUserById( 1 ).getFirstName();
// catch any errors    
} catch ( any e",Error page: Variable USERSERVICE is undefined.
cfadmin,tag,Yes,?,❌,❌,"<cfadmin
 action=""collection""
 type=""web|server""
 password=""password""
 collectionAction=""create""
 collection=""#form.collName#""
 path=""#form.collPath#""",
cfajaximport,tag,Yes,?,❌,❌,N/A,N/A
cfajaxproxy,tag,Yes,?,❌,❌,N/A,N/A
cfapplet,tag,Yes,?,❌,❌,N/A,N/A
cfapplication,tag,Yes,?,❌,❌,N/A,N/A
cfargument,tag,Yes,?,✅,✅,"public boolean function myFunction(required any myArgument) {
    // Some function bits
    return true;
}",
cfassociate,tag,Yes,?,❌,❌,N/A,N/A
cfbreak,tag,Yes,?,✅,✅,"for (i=1; i <= 10; i++){
    writeOutput(""#i#<br>"");
    if (i >= 5){
        break;
    }
}",1 2 3 4 5
cfcache,tag,Yes,?,✅,✅,"<cfcache action='optimal' directory='/path/to/directory' timespan='#createTimeSpan( 1, 0, 0, 0 )#' idletime='#createTimeSpan( 0, 12, 0, 0 )#'>
	<div i","<div id=""some-id"">Hello World!</div>"
cfcase,tag,Yes,?,✅,✅,"fruit = """";
switch(fruit) {
    case ""Apple"":
        writeOutput(""I like apples!"");
        break; 
    case ""Orange"": case ""Citrus"":
        w","Fruit, what fruit?"
cfcatch,tag,Yes,?,✅,✅,"try {
    x = 5/0;
}
catch (any e) {
    writeOutput(""Error: "" & e.message);
}",Error: Division by zero.
cfchart,tag,Yes,?,❌,❌,"<cfchart format=""html"" title=""Sales Report"">
	<cfchartseries type=""pie"">
		<cfchartdata item=""2012"" value=""#RandRange(300000,900000)#"">
		<cfchartd",
cfchartdata,tag,Yes,?,❌,❌,"<cfchart xAxisTitle=""Department"" yAxisTitle=""Salary Average"">
	<cfchartseries type=""bar"">
		<cfchartdata item=""Finance"" value=""75000"">
		<cfchartda",
cfchartseries,tag,Yes,?,❌,❌,"<cfchart xAxisTitle=""Subject"" yAxisTitle=""Marks"">
	<cfchartseries type=""area"" seriescolor =""##ccc"">
		<cfchartdata item=""Tamil"" value=""80"">
		<cfch",
cfcol,tag,Yes,?,❌,❌,N/A,N/A
cfcollection,tag,Yes,?,❌,❌,"public boolean function createCollection( required string collectionName ) {
	// var scope a variable to check if the collection already exists
	var","True, if the collection was created; False, if the collection already exists"
cfcomponent,tag,Yes,?,❌,❌,"component displayname=""Script Widget"" output=""false"" { 
 // functions and properties here 
}",
cfcontent,tag,Yes,?,✅,✅,"<cfcontent type=""application/vnd.ms-excel"" file=""c:/temp/acmesales03.xls""> ",
cfcontinue,tag,Yes,?,✅,✅,"qry = queryNew('ID,Name','integer,varchar',[{
	id: 0,
	name: 'hello'
},{},{
	id: 1,
	name: 'world'
}]);
for(row in qry) {
	if(row.ID is '') {
		contin","0.: hello, 1.: world,"
cfcookie,tag,Yes,?,❌,❌,"cfcookie(name=""TimeVisited"", value=Now(), domain="".local.com"", path=""/coldfusion"" expires=30, httponly=""yes"", encodevalue=""yes"" )
",
cfdbinfo,tag,Yes,?,✅,✅,"<cfdbinfo type=""columns"" name=""cols"" table=""tester"">
<cfoutput query=""cols"">
        #cols.column_name# #cols.type_name#(#cols.column_size#)<br>
</cfo",
cfdefaultcase,tag,Yes,?,✅,✅,"vegetable = """";
switch(vegetable) {
    case ""carrot"":
        writeOutput(""Carrots are orange."");
        break;
    default:
        writeOutp",You don't have any vegetables!
cfdirectory,tag,Yes,?,✅,✅,"myList = directoryList(expandPath(""./""), false, ""query"");",
cfdiv,tag,Yes,?,❌,❌,N/A,N/A
cfdocument,tag,Yes,?,❌,❌,"<cfdocument format=""pdf"" filename=""#getTempDirectory()#mydoc.pdf"">
    <h1>Hello ColdFusion</h1>
    <p>This is <strong>PDF</strong> example document.",A saved Hello ColdFusion PDF to a temporary directory
cfdocumentitem,tag,Yes,?,❌,❌,"cfdocumentitem( type=""pagebreak"" );",
cfdocumentsection,tag,Yes,?,❌,❌,"<cfdocument format=""pdf"" bookmark=""yes"">
<cfdocumentsection mimetype=""text/html"">
<table>
<tr>
<td>Coldfusuion</td>
<td>java</td>
</tr>
</table",
cfdump,tag,Yes,?,❌,❌,"<cfdump var=""#server#"" label=""Server Scope"">",
cfelse,tag,Yes,?,✅,✅,"count = 10; 
 if (count > 20) { 
 writeOutput(count); 
 } else if (count == 8) { 
 writeOutput(count); 
 } else { 
 writeOutput(count); 
 }",
cfelseif,tag,Yes,?,✅,✅,"count = 10; 
 if (count > 20) { 
 writeOutput(count); 
 } else if (count == 8) { 
 writeOutput(count); 
 } else { 
 writeOutput(count); 
 }",
cferror,tag,Yes,?,❌,❌,N/A,N/A
cfexecute,tag,Yes,?,✅,✅,"cfexecute( name=""bash"", arguments=""/opt/jq.sh #cmdArgs#"", variable=""standardOut"" , errorVariable=""errorOut"" , timeout=""10"");",
cfexit,tag,Yes,?,❌,❌,"<cfoutput>
<cfloop from=""1"" to=""5"" index = ""i"">
<cfif i EQ 3>
	<cfexit>
<cfelse>
	#i#
</cfif>
</cfloop>
</cfoutput>",1 2
cffeed,tag,Yes,?,❌,❌,N/A,N/A
cffile,tag,Yes,?,✅,✅,"fileWrite(expandPath(""./myFile.txt""), ""Here's some content for my file."");",
cffinally,tag,Yes,?,✅,✅,"try {
	writeOutput('hello world<br/>');
	throw(message='threw on purpose!');
}catch(any e){
	writeOutput('Caught an exception<br/>');
}finally{
","hello world
Caught an exception
Ran clean-up code regardless of error"
cfflush,tag,Yes,?,❌,❌,"writeOutput( ""<div>foo</div>"" ); 
 cfflush(); 
 sleep( 1000 ); 
 writeOutput( ""<div>bar</div>"" );",
cfform,tag,Yes,?,❌,❌,N/A,N/A
cfforward,tag,Yes,?,❌,❌,"
cfforward( ""mypage.cfm"" );",
cfftp,tag,Yes,?,❌,❌,"// Create FTP service and set attributes for connection 
 ftpService = new ftp(); 
 ftpService.setConnection(""myConn""); 
 ftpService.setUsername(""m",
cffunction,tag,Yes,?,✅,✅,"public boolean function myFunction(required any myArgument) { 
  // Some function bits 
 return true; 
 }",
cfheader,tag,Yes,?,❌,❌,"<cfheader name=""Content-Security-Policy"" value=""default-src 'self'"">",
cfhtmlbody,tag,Yes,?,❌,❌,<cfhtmlbody><h1>Hello World</h1></cfhtmlbody>,
cfhtmlhead,tag,Yes,?,❌,❌,"<cfhtmlhead text='<link href=""/news.xml"" rel=""alternate"" type=""application/rss+xml"" title=""Latest News"" />'>",
cfhttp,tag,Yes,?,✅,✅,"cfhttp(method=""GET"", charset=""utf-8"", url=""https://www.google.com/"", result=""result"") {
    cfhttpparam(name=""q"", type=""url"", value=""cfml"");
}
writ",
cfhttpparam,tag,Yes,?,✅,✅,"cfhttp(method=""POST"", charset=""utf-8"", url=""https://www.google.com/"", result=""result"") {
    cfhttpparam(name=""q"", type=""formfield"", value=""cfml"");
",
cfif,tag,Yes,?,✅,✅,"count = 10; 
 if (count > 20) { 
 writeOutput(count); 
 } else if (count == 8) { 
 writeOutput(count); 
 } else { 
 writeOutput(count); 
 }",
cfimage,tag,Yes,?,❌,❌,"<cfimage action=""border"" source=""#sourceImage#"" size=5 color=""red"" name=""withborder"">",
cfimap,tag,Yes,?,❌,❌,N/A,N/A
cfimport,tag,Yes,?,✅,✅,"<cfimport taglib=""/relative/path/customTags"" prefix=""tags""/>
<tags:myCustomTag></tags:myCustomTag>",
cfinclude,tag,Yes,?,✅,✅,"include ""mypage.cfm"";",
cfindex,tag,Yes,?,❌,❌,N/A,N/A
cfinput,tag,Yes,?,❌,❌,N/A,N/A
cfinsert,tag,Yes,?,❌,❌,"cfinsert( datasource=""myDsn"", tablename=""users"", formFields=""firstName,lastName,emailAddress"" );",
cfinterface,tag,Yes,?,❌,❌,"interface displayname=""My Interface"" { 
 numeric function myFunction(required string myArgument); 
 }",
cfinvoke,tag,Yes,?,✅,✅,"<cfinvoke webservice=""http://soaptest.parasoft.com/calculator.wsdl"" method=""add"" returnvariable=""answer"">
    <cfinvokeargument name=""x"" value=""2"">
",5.0
cfinvokeargument,tag,Yes,?,❌,❌,"<cfinvoke webservice=""http://soaptest.parasoft.com/calculator.wsdl"" method=""add"" returnvariable=""answer"">
    <cfinvokeargument name=""x"" value=""2"">
",5.0
cfldap,tag,Yes,?,❌,❌,"<cfldap server=""db.debian.org"" 
       action=""query""
       name=""results""
       start=""dc=debian,dc=org""
       filter=""sn=Smith""
       attri",
cflocation,tag,Yes,?,❌,❌,"location(""mypage.cfm"", ""false"", ""301"");",
cflock,tag,Yes,?,✅,✅,"
lock timeout=""60"" scope=""session"" type=""exclusive"" { 
 session.myVar = ""Hello""; 
 }
",
cflog,tag,Yes,?,✅,✅,"<cflog file=""myAppLog"" text=""Whatever you want to log."" type=""information"" >",
cflogin,tag,Yes,?,❌,❌,"cflogin(idletimeout=3600, applicationtoken='YOUR_APP_NAME', cookiedomain='YOUR_DOMAIN_NAME') {
 cfoauth(
 type=""Google"",
 clientid=""YOUR_CLIENT_ID"",
 ",
cfloginuser,tag,Yes,?,❌,❌,"cflogin(idletimeout=3600, applicationtoken='YOUR_APP_NAME', cookiedomain='YOUR_DOMAIN_NAME') {
 cfoauth(
 type=""Google"",
 clientid=""YOUR_CLIENT_ID"",
 ",
cflogout,tag,Yes,?,❌,❌,N/A,N/A
cfloop,tag,Yes,?,✅,✅,"for (i = 1; i <= 10; i++) {
    writeOutput(i); 
}",12345678910
cfmail,tag,Yes,?,✅,✅,"<cfmail to=""recipient@example.com"" from=""sender@example.com"" subject=""Example email"">
  Your Email Message!!
</cfmail>",
cfmailparam,tag,Yes,?,✅,✅,"<cfmail to=""recipient@example.com"" from=""sender@example.com"" subject=""Example email"">
  <cfmailparam file=""/#attachment#"">
  Your Email Message!!
</cf",
cfmailpart,tag,Yes,?,✅,✅,"cfmail( to = ""recipient@example.com"", from = ""sender@example.com"", subject = ""Example email"" ) {
cfmailpart(type=""text/plain"") {
	writeOutput(""If you ",
cfmodule,tag,Yes,?,✅,✅,"<cfmodule template=""\layout\default\mainheader.cfm"">",
cfobject,tag,Yes,?,❌,❌,"<cfcomponent>
<cffunction name=""multiply"" access=""public"" returnType=""numeric"">
<cfargument name=""FirstNum"" type=""numeric"">
<cfargument name=""Secon",
cfobjectcache,tag,Yes,?,❌,❌,N/A,N/A
cfoutput,tag,Yes,?,✅,✅,<cfoutput>Some text and a #encodeForHTML(variable)#</cfoutput>,
cfpageencoding,tag,Yes,?,❌,❌,"<cfpageencoding charset=""utf-8"">
Some UTF-8 content
</cfpageencoding>",Encoding the buffered content between the tags
cfparam,tag,Yes,?,✅,✅,"<cfparam name=""userID"" default=""0""/>",
cfpdf,tag,Yes,?,❌,❌,"cfpdf(
    action=""thumbnail"",
    source=expandPath( ""./myFile.pdf"" ),
    destination=expandPath( ""./thumbnails/""),
    resolution=""high"",
    ",Creates a file called myFile_page_1.jpg in the /thumbnails/ directory
cfpdfparam,tag,Yes,?,❌,❌,N/A,N/A
cfpop,tag,Yes,?,❌,❌,N/A,N/A
cfprocessingdirective,tag,Yes,?,✅,✅,N/A,N/A
cfprocparam,tag,Yes,?,✅,✅,"<cfstoredproc procedure = ""foo_proc"" dataSource = ""MY_SYBASE_TEST"" username = ""sa"" password = ""mygoodpw"" dbServer = ""scup"" dbName = ""pubs2"" returnCode",
cfprocresult,tag,Yes,?,✅,✅,N/A,N/A
cfproperty,tag,Yes,?,✅,✅,N/A,N/A
cfquery,tag,Yes,?,✅,✅,"<cfquery name=""news"">
    SELECT id,title,story
    FROM news
    WHERE id = <cfqueryparam value=""#url.id#"" cfsqltype=""cf_sql_integer"">
</cfquery>",
cfqueryparam,tag,Yes,?,✅,✅,"<cfquery name=""news"">
    SELECT id,title,story
    FROM news
    WHERE id = <cfqueryparam value=""#url.id#"" cfsqltype=""cf_sql_integer"">
</cfquery>",
cfregistry,tag,Yes,?,❌,❌,N/A,N/A
cfrethrow,tag,Yes,?,❌,❌,N/A,N/A
cfretry,tag,Yes,?,❌,❌,"<cfoutput>
<cfset iterations = 1/>
<cfset limit = 3/>

<cftry>
	<cfif iterations EQ limit>
		Done!
	<cfelse>
		<cfthrow type='Custom' message=",Too soon. Too soon. Done!
cfreturn,tag,Yes,?,✅,✅,"<cffunction name=""Department"" access=""public"" returnType=""Numeric"">
	<cfargument name=""a"" type=""numeric"" >
	<cfargument name=""b"" type=""numeric"">
	<",13
cfsavecontent,tag,Yes,?,✅,✅,"savecontent variable=""myContent"" {
 writeOutput(""Somecontent."");
}",
cfschedule,tag,Yes,?,❌,❌,"<cfschedule
 action=""update""
 task=""importMyCSVFileToDB""
 operation=""HTTPRequest""
 startDate=""5/12/2016""
 startTime=""7:00 AM""
 url=""http://www.m",
cfscript,tag,Yes,?,✅,✅,"<cfscript> 
 x = y = 1; 
 writeDump(x); 
 </cfscript>",
cfsearch,tag,Yes,?,❌,❌,N/A,N/A
cfselect,tag,Yes,?,❌,❌,N/A,N/A
cfset,tag,Yes,?,✅,✅,"x = y = 1; 
z = [ 
    !x, 
    x == 1 && y == 2, 
    x == 1 || y == 2 
]; 
writeDump(z);",
cfsetting,tag,Yes,?,✅,✅,setting enablecfoutputonly=true;,
cfsilent,tag,Yes,?,✅,✅," <cfset a = 10> 
 <cfset b = 5> 
 <cfsilent> 
    <cfoutput> This is from inside cfsilent #a+b# </cfoutput> 
 </cfsilent> 
 <cfoutput>This is from out",This is from outside cfsilent 5
cfsleep,tag,Yes,?,❌,❌,"<cfloop index='i' from='1' to='3'>
  <cfdump var='#timeFormat(now(), ""HH:mm:ss"")#'/>
  <cfsleep time='2000'/>
</cfloop>",
cfslider,tag,Yes,?,❌,❌,N/A,N/A
cfstopwatch,tag,Yes,?,❌,❌,"<cfstopwatch variable=""stopwatchVar"" label=""Nap time"">
Begin some long running process ...
<cfset sleep(2000)>
done.
</cfstopwatch><cfdump var=""stopwa",The time elapsed while executing the code inside the <cfstopwatch> block is returned as a variable t
cfstoredproc,tag,Yes,?,✅,✅,"<cfstoredproc procedure=""spu_my_storedproc"" datasource=""myDSN"">
	<cfprocparam cfsqltype=""cf_sql_integer"" value=""#myParameterValue#"">
	<cfprocresult ",
cfswitch,tag,Yes,?,✅,✅,"fruit = ""Orange"";
switch(fruit) {
    case ""Apple"":
        writeOutput(""I like apples!"");
        break; 
    case ""Orange"": case ""Citrus"":
   ",I like oranges!
cftable,tag,Yes,?,❌,❌,N/A,N/A
cftextinput,tag,Yes,?,❌,❌,N/A,N/A
cfthread,tag,Yes,?,✅,✅,"thread action=""run"" name=""myThread"" {
 // do single thread stuff 
} 
thread action=""join"" name=""myThread,myOtherThread"";",
cfthrow,tag,Yes,?,✅,✅,"try {
    throw(message=""Oops"", detail=""xyz""); //CF9+
} catch (any e) {
    writeOutput(""Error: "" & e.message);
} finally { //CF9+
    writeOutput(""I ",Error: OopsI run even if no error
cftimer,tag,Yes,?,❌,❌,"<cftimer label=""Nap time"" type=""inline"">
Begin some long running process ...
<cfset sleep(2000)>
done.
</cftimer>",The time elapsed while executing the code inside the <cftimer> block should be displayed inline.
cftrace,tag,Yes,?,❌,❌,N/A,N/A
cftransaction,tag,Yes,?,✅,✅,"
transaction { 
 try { 
 // code to run 
 transaction action=""commit""; 
 } 
 catch(any e) { 
  transaction action=""rollback""; 
  } 
 }",
cftry,tag,Yes,?,✅,✅,"try {
    x = 5/0;
}
catch (any e) {
    writeOutput(""Error: "" & e.message);
}",Error: Division by zero.
cfupdate,tag,Yes,?,❌,❌,"cfupdate( datasource=""myDsn"", tablename=""users"", formFields=""userId,firstName,lastName,emailAddress"" );",
cfusion_decrypt,function,Yes,❌,❌,❌,N/A,N/A
cfusion_encrypt,function,Yes,❌,❌,❌,N/A,N/A
cfwddx,tag,Yes,?,❌,❌,"<cfset local.FileContents = FileRead(""D:/ColdFusion/#Instance#/lib/neo-cron.xml"") />
						<cfwddx action=""wddx2cfml"" input=""#local.FileContents#"" out",Dump of the Scheduled Tasks cron file stored in the local.structFileContents variable
cfwhile,tag,Yes,?,❌,❌,"<cfset x = 0/>
<cfwhile condition=""#x LT 5#"">
  <cfoutput>#x#</cfoutput>
  <cfset x = x + 1/>
</cfwhile>",0 1 2 3 4
cfxml,tag,Yes,?,❌,❌,"cfxml( variable=""myXml"" ) {
 writeOutput( '<?xml version=""1.0""?><catalog><song id=""1""><artist>Astley, Rick</artist><title>Never Gonna Give You Up</ti",
cfzip,tag,Yes,?,✅,✅,"<cfzip action=""unzip"" destination=""#getTempDirectory()#"" file=""#zipFilePath#"">",
cfzipparam,tag,Yes,?,❌,❌,"var fileList = directoryList(expandPath('/'), false, 'path', '*.jpg');

cfzip( file = 'allJPGs.zip' ) {
  fileList.each((zipFile)=>{
    cfzipparam( s",
charsetdecode,function,Yes,✅,✅,✅,"charsetDecode('string','utf-8');",[BINARY]
charsetencode,function,Yes,✅,✅,✅,"s=charsetDecode('string','utf-8');
 charsetEncode(s,'utf-8');",string
chr,function,Yes,❌,✅,✅,"x = chr( 8361 ); 
 writeOutput( 'character: #x#' ); 
 x = asc( x ); 
 writeOutput( '<br>Unicode value: #x#');",
cjustify,function,Yes,❌,❌,❌,"<cfset jstring = cJustify(""ColdFusion"", 35)> 
 <cfdump var=""#jstring#"" />   ",
cleartimezone,function,Yes,✅,❌,❌,"setTimeZone(""CET"");
writeOutput(getTimezoneInfo().timezone & ""→ "");
clearTimeZone();
writeOutput(getTimezoneInfo().timezone);",CET→ Etc/UTC
collectioneach,function,Yes,❌,✅,✅,"coll = [{
    id: 0,
    name: 'me'
},{
    id: 1,
    name: 'you'
}];
collectionEach(coll,function(item) {
    writeOutput(item.name);
    w",me - you -
collectionevery,function,Yes,❌,✅,✅,N/A,N/A
collectionfilter,function,Yes,❌,✅,✅,"coll = [{
    id: 0,
    type: 'mail'
},{
    id: 1,
    type: 'mail'
},{
    id: 2,
    type: 'comment'
}];
onlyMails = collectionFilter(co","0, 1, "
collectionmap,function,Yes,❌,✅,✅,"coll = [{
    id: 0,
    firstname: 'Arthur',
    name: 'Dent'
},{
    id: 1,
    firstname: 'Harry',
    name: 'Potter'
},{
    id: 2,
    ","Arthur Dent, Harry Potter, Peter Jackson,"
collectionreduce,function,Yes,❌,✅,✅,"coll = [{
    id: 0,
    type: 'apples',
    amount: 25
},{
    id: 1,
    type: 'pinapples',
    amount: 2
},{
    id: 2,
    type: 'peache",40 fruits
collectionsome,function,Yes,❌,✅,✅,N/A,N/A
compare,function,Yes,✅,✅,✅,"<cfset comparison = compare(""ColdFusion"", ""coldfusion"")>
<cfdump var=""#comparison#"" />     ",-1
comparenocase,function,Yes,✅,✅,✅,"<cfset comparison = compareNoCase(""ColdFusion"", ""coldfusion"")>
<cfdump var=""#comparison#"" />",0
componentcacheclear,function,Yes,❌,❌,❌,N/A,N/A
componentcachelist,function,Yes,❌,❌,❌,"<cfset c = componentCacheList() />
<cfdump var=""#c#"" />",struct
componentinfo,function,Yes,❌,❌,❌,N/A,N/A
compress,function,Yes,✅,❌,❌,"compress(""zip"", ""example.txt"", ""output.zip"")",
configimport,function,Yes,❌,❌,❌,"configImport(
	path: expandPath('/config/config.json'),
	type: 'server',
	password: SERVER.system.environment.PASSWORD
);",
contractpath,function,Yes,✅,❌,❌,N/A,N/A
cos,function,Yes,✅,✅,✅,cos(0.3),0.955336489126
createdate,function,Yes,❌,✅,✅,"<cfscript>
	yourDate = createDate(""2015"",""12"",""09"");
	writeOutput(yourDate);
</cfscript>",{ts '2015-12-09 00:00:00'}
createdatetime,function,Yes,✅,✅,✅,"<cfset yourDate = createDateTime(""2015"", ""12"", ""09"", ""6"", ""20"", ""34"")>
<cfdump var=""#yourDate#"" />     ",
createdynamicproxy,function,Yes,✅,❌,❌,"<cfset instance=new cfc.helloWorld()> 
 <cfset dynInstnace = createDynamicProxy(instance, [""MyInterface""])> 
 <cfset x = createObject(""java"",""Invoke",
createguid,function,Yes,✅,✅,✅,createGUID(),
createobject,function,Yes,✅,✅,✅,"<cfscript>
 tellTimeCFC=createObject(""component"",""appResources.components.tellTime""); 
 tellTimeCFC.getLocalTime();
 </cfscript>",
createodbcdate,function,Yes,❌,❌,❌,"<cfset Date = createDate(2012, 12, 12)>
<cfset result = createODBCDate(Date)>
<cfoutput>#result#</cfoutput>",{d '2012-12-12'}
createodbcdatetime,function,Yes,✅,❌,❌,"<cfset Date = createDateTime(2012, 12, 12, 12, 12, 12)>
<cfset result = createODBCDateTime(Date)>
<cfoutput>#result#</cfoutput>",{ts '2012-12-12 12:12:12'}
createodbctime,function,Yes,❌,❌,❌,"<cfset time = createDateTime(2012, 12, 12, 12, 12, 12)>
<cfset result = createODBCTime(time)>
<cfoutput>#result#</cfoutput>",{t '12:12:12'}
createtime,function,Yes,✅,✅,✅,"<cfset yourTime = createTime(""5"", ""24"", ""56"")>  
 <cfdump var=""#yourTime#"" />   ",
createtimespan,function,Yes,✅,✅,✅,"<cfquery name = ""GetParks"" datasource = ""cfdocexamples"" cachedWithin = ""#createTimespan(0, 6, 0, 0)#""> 
 SELECT PARKNAME, REGION, STATE 
 FROM Parks",
createuniqueid,function,Yes,❌,✅,✅,createUniqueID(),
createuuid,function,Yes,✅,✅,✅,createUUID(),
csrfgeneratetoken,function,Yes,❌,✅,✅,"<form action=""#CGI.SCRIPT_NAME#"" method=""post"">
	<input type=""hidden"" name=""f#hash( 'userId', 'SHA-384', 'UTF-8', 1000 )#"" value=""#encrypt( userObj.g",
csrfverifytoken,function,Yes,❌,✅,✅,"<cfscript>
	param name=""FORM[ 'f' & hash( 'userId', 'SHA-384', 'UTF-8', 1000 )]"" default=""0"";
	param name=""FORM[ 'f' & hash( 'formToken', 'SHA-512',",
ctcacheclear,function,Yes,❌,❌,❌,N/A,N/A
ctcachelist,function,Yes,❌,❌,❌,N/A,N/A
datasourceflushmetacache,function,Yes,❌,❌,❌,N/A,N/A
dateadd,function,Yes,✅,✅,✅,"dateAdd('d', 30, '8/3/2014')",{ts '2014-09-02 00:00:00'}
datecompare,function,Yes,✅,✅,✅,"dateCompare('12/30/2015', '12/02/2015', 'yyyy')",0
dateconvert,function,Yes,✅,✅,✅,"utc_datetime = dateConvert('local2Utc', now());",
datediff,function,Yes,✅,✅,✅,"dateDiff(""d"", ""2013-01-15"", ""2013-01-25"")",10
dateformat,function,Yes,❌,✅,✅,"dateFormat(""2015-04-11"", ""short"")",4/11/15
datepart,function,Yes,✅,❌,❌,"<cfset todayDate = now()>
<h3>datePart Example</h3>
<p>Today's date is <cfoutput>#todayDate#</cfoutput>.
<p>Using datePart, we extract an integer r",
datetimeformat,function,Yes,✅,✅,✅,"dateTimeFormat(""2015-04-11 19:02"", ""short"")",4/11/15 7:02 PM
day,function,Yes,❌,✅,✅,"<cfset Date = CreateDate(2010, 09, 08)>
<cfset result = day(Date)>
<cfoutput>#result#</cfoutput>",8
dayofweek,function,Yes,❌,✅,✅,"<cfset date = createDate(2010, 09, 08)>
<cfset result = dayOfWeek(date)>
<cfoutput>#result#</cfoutput>",4
dayofweekasstring,function,Yes,❌,✅,✅,dayOfWeekAsString(1),Sunday
dayofweekshortasstring,function,Yes,❌,❌,❌,dayOfWeekShortAsString(1),Sun
dayofyear,function,Yes,❌,✅,✅,"<cfset Date = CreateDate(2012, 12, 30)>
<cfset result = dayOfYear(Date)>
<cfoutput>#result#</cfoutput>",365
daysinmonth,function,Yes,❌,✅,✅,"<cfset Date = CreateDate(2012, 12, 30)>
<cfset result = daysInMonth(Date)>
<cfoutput>#result#</cfoutput>",31
daysinyear,function,Yes,❌,✅,✅,"<cfset Date = CreateDate(2023, 06, 18)>
<cfset result = daysInYear(Date)>
<cfoutput>#result#</cfoutput>",365
dbpoolclear,function,Yes,❌,❌,❌, dbPoolClear();,
de,function,Yes,✅,✅,✅,"de(""pete"")","""pete"""
decimalformat,function,Yes,✅,✅,✅,"formattedInt = decimalFormat(123); // 123.00
writeOutput(formattedInt & ""<br>"");

formattedWithSeparators = decimalFormat(1000000); // 1,000,000.00",
decodeforhtml,function,Yes,❌,✅,✅,"<cfif isDefined('form.submit')> 
 <b> 
 Output:<cfoutput >#decodeForHTML(form.encodedUserName)#</cfoutput> 
 </b> 
 <cfelse> 
 <cfset form.userna",
decodefromurl,function,Yes,❌,✅,✅,"<cfset string = 'http://www.adobe.com/'> 
<cfset urlencoded = encodeForURL(string)>
<cfset urldecoded = decodeFromURL(urlEncoded)>
 <cfoutput>
Str",
decrementvalue,function,Yes,✅,✅,✅,decrementValue(7),6
decrypt,function,Yes,✅,✅,✅,"ex={};
ex.key = generateSecretKey(""AES"");
ex.secret = ""top secret"";
ex.encrypted=encrypt(ex.secret, ex.key, ""AES"", ""Base64"");
ex.decrypted=decrypt(ex.",
decryptbinary,function,Yes,❌,❌,❌,N/A,N/A
deleteclientvariable,function,Yes,❌,❌,❌,N/A,N/A
deserializejson,function,Yes,❌,✅,✅,"person = deserializeJSON( '{""company"":""Foundeo"",""name"":""Pete Freitag""}' );
writeOutput( person.company );",Foundeo
directorycopy,function,Yes,✅,❌,❌,"directoryCopy(expandPath(""./mySourceDirectory""),expandPath(""../MyDestinationDirectory""))",
directorycreate,function,Yes,✅,✅,✅,"if (!directoryExists(expandPath('/assets/img/icons'))) {
	directoryCreate('assets/img/icons');
}",The directory 'icons' will be created under the img folder.
directorydelete,function,Yes,✅,✅,✅,"<cfset delDirectory = ""someDirPath"" />
<cfset recurse = true />
<cfset directoryDelete(delDirectory,recurse)>",
directoryexists,function,Yes,✅,✅,✅,"if (!directoryExists(expandPath('/assets/img/icons'))) {
	directoryCreate('assets/img/icons');
}",The directory 'icons' will be created under the img folder.
directorylist,function,Yes,✅,✅,✅,"arrayOfLocalFiles = directoryList( expandPath( ""./"" ), false, ""name"" );",
directoryrename,function,Yes,❌,❌,❌,"<cfset renameDirectory = ""someDirPath"" />
<cfset rename = ""newName"" />
<cfset directoryRename(renameDirectory,newName)>",
dollarformat,function,Yes,❌,✅,✅,dollarFormat(1236598.2),"$1,236,598.20"
duplicate,function,Yes,✅,✅,✅,"myStruct = {'foo': 'Lorem ipsum', 'bar': 'baz'};

myNewStruct = myStruct;
myOtherNewStruct = duplicate(myStruct);

myNewStruct.foo = 'ahmet sun';
myOt",ahmet sun → ahmet sun → dolor sit
each,function,Yes,❌,✅,✅,"coll = [{
    id: 0,
    name: 'me'
},{
    id: 1,
    name: 'you'
}];
function outputCollection(item) {
    writeOutput(item.name);
    writ",me - you -
echo,function,Yes,❌,❌,❌,"echo(""hello world"");",hello world
empty,function,Yes,❌,❌,❌,"<cfoutput>
	<cfset Language = ""Coldfusion"">
	#empty(Language)#
	<cfset MyInput = """">
	#empty(MyInput)#
</cfoutput>","false,true"
encodeforcss,function,Yes,❌,✅,✅,"<cfif not isDefined ('form.bgcolor')> 
 <cfset form.bgcolor = 'red'> 
 </cfif> 
 <cfoutput> 
 <style> 
 .myDiv 
 { 
 background-color : #encode",
encodefordn,function,Yes,❌,❌,❌,"encodeForDN(""x,y"")","x\,y"
encodeforhtml,function,Yes,✅,✅,✅,"encodeForHTML(""<test>"")",&lt;test&gt;
encodeforhtmlattribute,function,Yes,❌,✅,✅,"<cfoutput><div title=""#encodeForHTMLAttribute(""<test>"")#""></cfoutput>","<div title=""&lt;test&gt;"">"
encodeforjavascript,function,Yes,❌,✅,✅,"encodeForJavaScript(""foo()"")",foo\x28\x29
encodeforldap,function,Yes,❌,❌,❌,"encodeForLDAP(""pete) (| (password = * ) )"")",pete\29 \28| \28password = \2a \29 \29
encodeforurl,function,Yes,❌,✅,✅,"encodeForURL(""<tag>"")",%3Ctag%3E
encodeforxml,function,Yes,❌,✅,✅,"encodeForXML(""Fred & Ted"")",Fred &#x26; Ted
encodeforxmlattribute,function,Yes,❌,✅,✅,"encodeForXMLAttribute(""It's for use in attribute values"")",It&#x27;s for use in attribute values
encodeforxpath,function,Yes,❌,❌,❌,"encodeForXPath(""'or 1=1"",false)",&#x27;or 1&#x3d;1
encrypt,function,Yes,✅,✅,✅,"encrypt(""top secret"", ""WTq8zYcZfaWVvMncigHqwQ=="", ""AES"", ""Base64"")",keciULin7bxOWvN/BOarWw==
encryptbinary,function,Yes,❌,❌,❌,N/A,N/A
entitydelete,function,Yes,❌,❌,❌,"user = entityLoadByPK(""User"", userID);
entityDelete(user);",
entityload,function,Yes,❌,❌,❌,"entityLoad(""Employee"", url.employee_id)",An Employee CFC Instance
entityloadbyexample,function,Yes,❌,❌,❌,"<cfset employee= createObject(""component"", ""employee"")>
<cfset employee.setDepartment(""ColdFusion"")>
<cfset employee.setCountry(""USA"")>
<cfset empl",
entityloadbypk,function,Yes,❌,❌,❌,"user = entityLoadByPK(""User"", userID);",
entitymerge,function,Yes,❌,❌,❌,N/A,N/A
entitynamearray,function,Yes,❌,❌,❌,dump(entityNameArray());,
entitynamelist,function,Yes,❌,❌,❌,entityNameList(),
entitynew,function,Yes,❌,❌,❌,"var employee = entityNew(""Employee"");",
entityreload,function,Yes,❌,❌,❌,N/A,N/A
entitysave,function,Yes,❌,❌,❌,"var company = entityNew(""Company"");
company.setName(form.companyName);
company.setIndustry(form.industry);
company.setEmployees(form.employeeCount);
c",
entitytoquery,function,Yes,❌,❌,❌,N/A,N/A
esapidecode,function,Yes,❌,❌,❌,N/A,N/A
esapiencode,function,Yes,❌,❌,❌,N/A,N/A
evaluate,function,Yes,❌,❌,❌,"<!--- Evaluate the expression ---> 
 <cfset first = ""ColdFusion""> 
 <cfset second = ""ColdFusion""> 
 <cfset op = ""eq""> 
 <cfoutput>#evaluate(""first",YES
exp,function,Yes,✅,✅,✅,exp(1.13140211149),3.099999999997
expandpath,function,Yes,✅,✅,✅,"expandPath(""./"")",
extensionexists,function,Yes,❌,❌,❌,"dump(extensionExists(""99A4EF8D-F2FD-40C8-8FB8C2E67A4EEEB6""));",
extensionlist,function,Yes,❌,❌,❌,dump(extensionList());,
extract,function,Yes,✅,❌,❌,"extract(""zip"", ""test.zip"", ""output-directory"")",
fileappend,function,Yes,✅,✅,✅,"// Create mock log entry
logEntry = dateTimeFormat(now(), ""yyyy/mm/dd HH:nn"") & "" this is a mock log entry!"";

// Append line to file
fileAppend(""",
fileclose,function,Yes,✅,❌,❌,"// Open File
var fileObject = fileOpen(""/path/to/file.txt"");

// Perform Actions
try
{
	// Read Line
	writeOutput(fileReadLine(fileObject));
}

// Err",
filecopy,function,Yes,✅,✅,✅,"fileCopy(sourceFile, destinationFile);",
filedelete,function,Yes,✅,✅,✅,"var existingFiles = directoryList(expandPath(""/archive/""), false, ""query"");
for (file in existingFiles) {
	if (dateDiff(""h"", file.datelastmodified, no",All files within the archive directory older than one hour will be deleted.
fileexists,function,Yes,✅,✅,✅,"var myFile = ""/path/to/the/file.jpg"";
if(fileExists(expandPath(myFile))) {
	writeOutput(myFile & 'exists!');
}",
filegetmimetype,function,Yes,✅,❌,❌,"<cfscript>
	mimeTypes = '';
	mimeTypes = listAppend(mimeTypes, fileGetMimeType(expandPath('/folder1/test.pdf')));
	mimeTypes = listAppend(mimeTypes, f","application/pdf,application/pdf,text/plain,text/plain"
fileiseof,function,Yes,✅,❌,❌,"fileObj = fileOpen(expandPath('./file.txt');
isEndOfFile = fileIsEOF(fileObj);",
filemove,function,Yes,✅,✅,✅,"fileMove(sourcefile, destinationfile);",
fileopen,function,Yes,✅,❌,❌,"// Open File
var fileObject = fileOpen(""/path/to/file.txt"");

// Perform Actions
try
{
	// Read Line
	writeOutput(fileReadLine(fileObject));
}

// Err",
fileread,function,Yes,✅,✅,✅,"fileContent = fileRead(expandPath(""./file.txt""), ""utf-8"")",
filereadbinary,function,Yes,❌,❌,❌,binaryContent = fileReadBinary(expandPath('./file.pdf'));,
filereadline,function,Yes,✅,❌,❌,"// Open File
var fileObject = fileOpen(""/path/to/file.txt"");

// Perform Actions
try
{
	// Read Line
	writeOutput(fileReadLine(fileObject));
}

// Err",
fileseek,function,Yes,✅,❌,❌,"<cfscript> 
 NewFile = fileOpen(expandPath(""."") & ""	est.txt"",""write"","""",true); 
             fileSeek(#NewFile#,0);  
 </cfscript>   ",
filesetaccessmode,function,Yes,✅,❌,❌,"<cfscript> 
 fileSetAccessMode(""test1.txt"", ""004""); 
 </cfscript>   ",
filesetattribute,function,Yes,✅,❌,❌,"myFile = getTempFile(getTempDirectory(),""testFile"");
writeOutput('is writable: '&getFileInfo(myFile).canWrite);
fileSetAttribute(myFile,'readOnly');
w",is writable: YES → NO
filesetlastmodified,function,Yes,✅,❌,❌,"<cfscript> 
 fileSetLastModified(""c:	emp	est1.txt"", ""#now()#""); 
    writeOutput(#getFileInfo(""c:	emp	est1.txt"").lastmodified#); 
 </cfscript>  ",
fileskipbytes,function,Yes,❌,❌,❌,"<cfscript> 
 NewFile = fileOpen(expandPath(""."") & ""	est.txt"",""write"","""",true); 
             fileSeek(#NewFile#,5);  
 </cfscript>   ",
fileupload,function,Yes,❌,❌,❌,"<form method=""post"" enctype=""multipart/form-data"">
  <input type=""file"" name=""fileInput"">
  <button type=""submit"">Upload</button>
</form>

<cfscr",
fileuploadall,function,Yes,❌,❌,❌,N/A,N/A
filewrite,function,Yes,✅,✅,✅,"fileWrite( getTempFile( getTempDirectory(), ""tempFile""), ""My Data"" );",
filewriteline,function,Yes,✅,❌,❌,"myfile = fileOpen(""c:\temp\test1.txt"", ""write""); 
fileWriteLine(myfile,""This line is new.""); 
fileClose(myfile);",
find,function,Yes,✅,✅,✅,"find(""apple"", ""An apple a day keeps the doctor away."")",4
findnocase,function,Yes,❌,✅,✅,"findNoCase(""s"", ""cfdocs.org"", 0)",6
findoneof,function,Yes,✅,✅,✅,"string_to_search = 'The rain in Spain falls mainly in the plains.';
writeOutput( findOneOf('in', string_to_search) );",7
firstdayofmonth,function,Yes,❌,✅,✅,"<cfset Date = CreateDate(2012, 12, 12)>
<cfset result = firstDayOfMonth(Date)>
<cfoutput>#result#</cfoutput>",336
fix,function,Yes,✅,✅,✅,fix(1.8),1
floor,function,Yes,✅,✅,✅,floor(4.0),4
formatbasen,function,Yes,✅,✅,✅,"formatBaseN(10,2)",1010
generateargon2hash,function,Yes,❌,❌,❌,"hashedValue = GenerateArgon2Hash(""CFDocs.org"");
dump(hashedValue);
check = Argon2CheckHash( ""CFDocs.org"", hashedValue);
dump(check);",
generatepbkdfkey,function,Yes,✅,✅,✅,"generatePBKDFKey(""PBKDF2WithHmacSHA1"", ""secret"", ""salty"", 5000, 128)",Y0MCpCe3zb0CNJvyXNUWEQ==
generatesecretkey,function,Yes,✅,✅,✅,"ex={};
ex.key = generateSecretKey(""AES"");
ex.secret = ""top secret"";
ex.encrypted=encrypt(ex.secret, ex.key, ""AES"", ""Base64"");
ex.decrypted=decrypt(ex.",
getapplicationmetadata,function,Yes,✅,✅,✅,"// Fetch application meta data
data = getApplicationMetadata();

// Print application name
writeOutput(""Application name is "" & (data.name.length(",
getapplicationsettings,function,Yes,❌,❌,❌,N/A,N/A
getauthuser,function,Yes,❌,❌,❌,N/A,N/A
getbasetagdata,function,Yes,✅,❌,❌,"<cfset tagData = getBaseTagData('CF_MAPPER')>
<!--- Find the tag's execution mode Located inside the --->
<cfif tagData.thisTag.executionMode neq 'i",
getbasetaglist,function,Yes,✅,❌,❌,N/A,N/A
getbasetemplatepath,function,Yes,✅,❌,❌,getBaseTemplatePath(),
getbuiltinfunction,function,Yes,❌,❌,❌,"dump(getBuiltinFunction(""StructKeyExists""));",
getcanonicalpath,function,Yes,✅,✅,✅,writeOutput( getCanonicalPath(getBaseTemplatePath()) );,
getclasspath,function,Yes,❌,❌,❌, writeDump(getClassPath());,
getclientvariableslist,function,Yes,❌,❌,❌,N/A,N/A
getcomponentmetadata,function,Yes,❌,✅,✅,N/A,N/A
getcontextroot,function,Yes,✅,❌,❌,N/A,N/A
getcpuusage,function,Yes,❌,❌,❌,getCpuUsage(),
getcurrentcontext,function,Yes,❌,❌,❌,writeDump(getCurrentContext());,
getcurrenttemplatepath,function,Yes,✅,✅,✅,getCurrentTemplatePath(),
getdirectoryfrompath,function,Yes,✅,✅,✅,"getDirectoryFromPath(""C:\temp\file.txt"")",C:\temp\
getencoding,function,Yes,❌,❌,❌,N/A,N/A
getfilefrompath,function,Yes,✅,✅,✅,"getFileFromPath(""C:\temp\file.txt"")",file.txt
getfileinfo,function,Yes,❌,✅,✅,"myFile = getTempFile(getTempDirectory(),""testFile"");
fileInfo = getFileInfo(myFile);
isReadable = (not fileInfo.canRead ? 'un' : '')&'readable';
isWri","""testFile9217639658547923751.tmp"" is readable, writable and not hidden. It was at last modified at F"
getfreespace,function,Yes,❌,❌,❌,"<cfcomponent> 
 <cfset this.name = 'vfs_total_space'> 
 <cfset this.inmemoryfilesystem.size = 30> 
 </cfcomponent> 
",
getfunctioncalledname,function,Yes,✅,✅,✅,"void function actualFunctionName(){
    writeOutput(""actualFunctionName() was called as: #getFunctionCalledName()#<br>"");
}
writeOutput(""<hr><h4>Calli",
getfunctiondata,function,Yes,❌,❌,❌,getFunctionData('writeDump'),
getfunctionkeywords,function,Yes,❌,❌,❌,writeDump(getFunctionKeywords());,
getfunctionlist,function,Yes,✅,❌,❌,"getFunctionList().keyExists(""reMatch"")",YES
gethttprequestdata,function,Yes,❌,❌,❌, writeDump(GetHttpRequestData());,
gethttptimestring,function,Yes,❌,✅,✅,"getHTTPTimeString(""2017/8/8 14:12:10"")","Tue, 08 Aug 2017 14:12:10 GMT"
getk2serverdoccount,function,Yes,❌,❌,❌,N/A,N/A
getk2serverdoccountlimit,function,Yes,❌,❌,❌,N/A,N/A
getlocale,function,Yes,✅,✅,✅,"writeOutput(getlocale());
writeOutput(' → ');
setLocale('de_ch');
writeOutput(getlocale());",english (us) → german (swiss)
getlocalecountry,function,Yes,❌,❌,❌,"writeOutput(getLocaleCountry());
writeOutput(' → ');
setLocale('de_ch');
writeOutput(getLocaleCountry());",
getlocaledisplayname,function,Yes,✅,❌,❌,"writeOutput(getLocaleDisplayName());
writeOutput(' → ');
setLocale('de_ch');
writeOutput(getLocaleDisplayName());",English (United States) → Deutsch (Schweiz)
getlocaleinfo,function,Yes,✅,❌,❌,getLocaleInfo(),
getlocalelanguage,function,Yes,❌,❌,❌,"writeOutput(getLocaleLanguage());
writeOutput(' → ');
setLocale('de_ch');
writeOutput(getLocaleLanguage());",
getlocalhostip,function,Yes,✅,❌,❌,writeOutput(getLocalhostIP());,
getluceeid,function,Yes,❌,❌,❌,dump( getLuceeID() ),
getmemoryusage,function,Yes,❌,❌,❌,writeDump(getMemoryUsage());,
getmetadata,function,Yes,✅,✅,✅,writeDump(getMetadata(new Query()));,
getmetricdata,function,Yes,❌,❌,❌,N/A,N/A
getnumericdate,function,Yes,❌,✅,✅,getNumericDate('2018-01-01'),43101
getpagecontext,function,Yes,❌,✅,✅,N/A,N/A
getprinterlist,function,Yes,❌,❌,❌,getPrinterList();,
getprofilesections,function,Yes,❌,✅,✅,N/A,N/A
getprofilestring,function,Yes,❌,✅,✅,"<cfset IniPath = ""c:\myboot.ini""> 
 <cfset Section = ""boot loader""> 
 <cfset timeout = getProfileString(IniPath, Section, ""timeout"")>    ",
getreadableimageformats,function,Yes,❌,❌,❌,"lCase(listChangeDelims(getReadableImageFormats(),"", ""))",
getsoaprequest,function,Yes,❌,❌,❌,"soapURL = ""https://graphical.weather.gov/xml/SOAP_server/ndfdXMLserver.php?wsdl"";
ws = createObject(""webservice"", soapURL);
zipLatLong = ws.LatLonList",
getsoaprequestheader,function,Yes,❌,❌,❌,N/A,N/A
getsoapresponse,function,Yes,❌,❌,❌,"soapURL = ""https://graphical.weather.gov/xml/SOAP_server/ndfdXMLserver.php?wsdl"";
ws = createObject(""webservice"", soapURL);
zipLatLong = ws.LatLonList",
getsoapresponseheader,function,Yes,❌,❌,❌,N/A,N/A
getsystemfreememory,function,Yes,❌,❌,❌,"#NumberFormat(getSystemFreeMemory() / 1000 / 1000,""0.00"")# MB",
getsystemtotalmemory,function,Yes,❌,❌,❌,"#NumberFormat(getSystemTotalMemory() / 1000 / 1000,""0.00"")# MB",
gettagdata,function,Yes,❌,❌,❌,"getTagData('cf','mail')",
gettaglist,function,Yes,❌,❌,❌,"list = gettagList();
writeDump(list);",
gettempdirectory,function,Yes,✅,✅,✅,getTempDirectory(),
gettempfile,function,Yes,❌,✅,✅,"getTempFile(getTempDirectory(),""testFile"")",
gettemplatepath,function,Yes,❌,❌,❌,getTemplatePath(),
gettickcount,function,Yes,✅,✅,✅,writeOutput( getTickCount() ),
gettimezone,function,Yes,❌,❌,❌,"setTimeZone(""Etc/UTC"");
writeOutput(getTimeZone().timezone);",Etc/UTC
gettimezoneinfo,function,Yes,✅,❌,❌,"<cfoutput>
The local date and time are #now()#.
</cfoutput>
<cfset info = GetTimeZoneInfo()>
<cfoutput>
<p>Total offset in seconds is #info.utcTo",
gettoken,function,Yes,✅,✅,✅,"<cfoutput>
<cfset mystring = ""four,"" & #chr(32)# & #chr(9)# & #chr(10)# & "",five, nine,zero:;"" & #chr(10)# & ""nine,ten:, eleven:;twelve:;thirteen,"" & ",
gettotalspace,function,Yes,❌,❌,❌,"<cfset totalRMSSpace = getTotalSpace('ram')>
<cfoutput>total app ram memory: #decimalFormat(totalRamSpace)/(1024 * 1024)# mb</cfoutput>",
getuserroles,function,Yes,❌,❌,❌,N/A,N/A
getvariable,function,Yes,❌,❌,❌,"a=1;
writeOutput(getVariable('a'));",1
getvfsmetadata,function,Yes,❌,❌,❌,N/A,N/A
getwriteableimageformats,function,Yes,❌,❌,❌,N/A,N/A
hash,function,Yes,✅,✅,✅,"hash(""something"", ""SHA-256"", ""UTF-8"")",3FC9B689459D738F8C88A3A48AA9E33542016B7A4052E001AAA536FCA74813CB
hash40,function,Yes,❌,❌,❌,N/A,N/A
hmac,function,Yes,✅,✅,✅,"hmac(""msg"", ""secret"", ""HMACSHA256"")",FE4F9C418F683F034F6AF90D1DD5B86AC0355DD96332C59CC74598D0736107F6
hour,function,Yes,❌,✅,✅,"dt = createdatetime(2016,1,1,5,30,25);
h = hour( dt );
writeoutput( h );",5
htmlcodeformat,function,Yes,❌,❌,❌,"<cfset testString=""This is a test & this is another <This text is in angle brackets> Previous line was blank!!!"">   <cfoutput>#htmlCodeFormat(testStri",
htmleditformat,function,Yes,❌,✅,✅,"htmlEditFormat( ""This is a test & this is another <This text is in angle brackets> Previous line was blank!!!"" )",This is a test &amp; this is another &lt;This text is in angle brackets&gt; Previous line was blank!
htmlparse,function,Yes,❌,✅,✅,"HtmlContent = ""Hello <body><p>world</p></body>"";
writeDump(htmlParse(HtmlContent));
writeoutput(htmlParse('<html><body><p>This is example text</p></bo",
iif,function,Yes,✅,✅,✅,"iIf( server.os.name IS ""Bacon"", de(""Running Bacon OS""), de(""Not Running Bacon OS"") )",Not Running Bacon OS
imageaddborder,function,Yes,❌,❌,❌,"<cfset imageAddBorder(myImage,5,""green"")>    ",
imageblur,function,Yes,❌,❌,❌,"<cfset imageBlur(myImage,10)>   ",
imagecaptcha,function,Yes,❌,❌,❌,"
imagewritetobrowser(imagecaptcha( 'abcxyz', 100, 300, 'medium'));
",An 300px by 100px image captcha with the letters 'abcxyz'
imageclearrect,function,Yes,❌,❌,❌,"<!--- Create a ColdFusion image from an existing JPEG file. ---> 
 <cfimage source=""../cfdocs/images/artgallery/jeff05.jpg"" name=""myImage""> 
 <!--- ",
imagecopy,function,Yes,❌,❌,❌,"imgObj = imageRead(""http://cfdocs.org/apple-touch-icon.png"");
copiedImgObj = imgObj.copy(50,50,50,50);
copiedImgObj.rotate(25,25,180,""bicubic"");
im",
imagecrop,function,Yes,❌,❌,❌,"<!--- Create a ColdFusion image from an existing JPEG file. ---> 
 <cfimage source=""../cfdocs/images/artgallery/lori05.jpg"" name=""myImage""> 
 <!--- ",
imagedrawarc,function,Yes,❌,❌,❌,"<cfset myImage=imageNew("""",250,320)> 
 <!--- Set the drawing color for the arc to orange. --->  
 <cfset imageSetDrawingColor(myImage,""orange"")> 
 ",
imagedrawbeveledrect,function,Yes,❌,❌,❌,"<!--- Use the imageNew function to create a 200x200-pixel image. ---> 
 <cfset myImage=imageNew("""",200,200)> 
 <!--- Turn on antialiasing to improve",
imagedrawcubiccurve,function,Yes,❌,❌,❌,"<!--- Use the imageNew function to create a blank ColdFusion image that is 200 pixels wide and 380 pixels high. ---> 
 <cfset myImage=imageNew("""",200",
imagedrawimage,function,Yes,❌,❌,❌,N/A,N/A
imagedrawline,function,Yes,❌,❌,❌,"<!--- Use the imageNew function to create a 100x100-pixel image. ---> 
 <cfset myImage=imageNew("""",100,100)> 
 <!--- Turn on antialiasing to improve",
imagedrawlines,function,Yes,❌,❌,❌,"<!--- Use the imageNew function to create a 250x250-pixel image. ---> 
 <cfset myImage=imageNew("""",250,250)> 
 <!--- Set the drawing color to cyan. ",
imagedrawoval,function,Yes,❌,❌,❌,"<!--- Use the imageNew function to create a 200x110-pixel image. ---> 
 <cfset myImage=imageNew("""",200,110)> 
 <!--- Set the drawing color to green.",
imagedrawpoint,function,Yes,❌,❌,❌,"<!--- Use the imageNew function to create a 200x200-pixel image. ---> 
 <cfset myImage=imageNew("""",200,200)> 
 <!---Set the drawing color to orange.",
imagedrawquadraticcurve,function,Yes,❌,❌,❌,"<!--- Use the imageNew function to create a 400x400-pixel image. ---> 
 <cfset myImage=imageNew("""",400,400)> 
 <!--- Turn on antialiasing to improve",
imagedrawrect,function,Yes,❌,❌,❌,"<!--- Use the imageNew function to create a ColdFusion image that is 150 pixels wide and 200 pixels high. ---> 
 <cfset myImage=imageNew("""",150,200)>",
imagedrawroundrect,function,Yes,❌,❌,❌,"<!--- Create a 200x200-pixel image. ---> 
 <cfset myImage=imageNew("""",200,200)> 
 <!--- Set the drawing color for the image to blue. ---> 
 <cfset ",
imagedrawtext,function,Yes,❌,❌,❌,"<!--- Use the imageNew function to create a 200x100-pixel image. ---> 
 <cfset myImage=imageNew("""",200,100)> 
 <!--- Set the drawing color to green.",
imagefilter,function,Yes,❌,❌,❌,N/A,N/A
imagefiltercolormap,function,Yes,❌,❌,❌,N/A,N/A
imagefiltercurves,function,Yes,❌,❌,❌,N/A,N/A
imagefilterkernel,function,Yes,❌,❌,❌,N/A,N/A
imagefilterwarpgrid,function,Yes,❌,❌,❌,N/A,N/A
imageflip,function,Yes,❌,❌,❌,"<!--- Create a ColdFusion image from an existing JPEG file. ---> 
 <cfimage source=""../cfdocs/images/artgallery/paul03.jpg"" name=""myImage""> 
 <!--- ",
imagefonts,function,Yes,❌,❌,❌,writeDump(imageFonts()) ;,
imageformats,function,Yes,❌,❌,❌,writeDump(imageFormats());,
imagegetblob,function,Yes,❌,❌,❌,"imgObj = imageRead(""http://cfdocs.org/apple-touch-icon.png"");
blob = imgObj.getBlob();
writeDump(blob);",
imagegetbufferedimage,function,Yes,❌,❌,❌,"imgObj = imageRead(""http://cfdocs.org/apple-touch-icon.png"");
x = imgObj.getBufferedImage();
writeOutput(x.getWidth());",
imagegetexifmetadata,function,Yes,❌,❌,❌,"imgObj = imageRead(""http://www.exiv2.org/include/img_1771.jpg"");
x = imgObj.getEXIFMetadata();
writeDump(x);",
imagegetexiftag,function,Yes,❌,❌,❌,"<!--- Create a ColdFusion image from an existing JPEG file. ---> 
 <cfimage source=""../cfdocs/images/artgallery/paul05.jpg"" name=""myImage""> 
 <!--- ",
imagegetheight,function,Yes,❌,❌,❌,"imgObj = imageRead(""http://cfdocs.org/apple-touch-icon.png"");
height = imgObj.getHeight();
writeOutput(height);",
imagegetiptctag,function,Yes,❌,❌,❌,"<!--- Create a ColdFusion image from a JPEG file. ---> 
 <cfimage source=""../cfdocs/images/artgallery/paul05.jpg"" name=""myImage"" action=""read""> 
 <!",
imagegetwidth,function,Yes,❌,❌,❌,"imgObj = imageRead(""http://cfdocs.org/apple-touch-icon.png"");
width = imgObj.getWidth();
writeOutput(width);",
imagegrayscale,function,Yes,❌,❌,❌,"imgObj = imageRead(""http://cfdocs.org/apple-touch-icon.png"");
imgObj.grayScale();
cfimage(action=""writeToBrowser"", source=imgObj);",
imageinfo,function,Yes,❌,❌,❌,"<cfset img = imageRead(""http://lorempixel.com/10/20/"")>
<cfset imgInfo = imageInfo(img)>
<cfoutput>Image is #imgInfo.height#px high and #imgInfo.width",Image is 20px high and 10px wide.
imagenegative,function,Yes,❌,❌,❌,"imgObj = imageRead(""https://placekitten.com/408/287"");
imgObjNegative = duplicate(imgObj);
imgObjNegative.negative();
cfimage(action=""writeToBrowser"",",
imagenew,function,Yes,❌,❌,❌,"<cfset myImage = imageNew("""",200,200,""argb"")> 
<cfimage action=""writeTobrowser"" source=""#myImage#"">",
imageoverlay,function,Yes,❌,❌,❌,"<!--- Create a ColdFusion image from an existing JPEG file and enlarge it by 150%. This image is displayed in the background. --->
<cfimage source="".",
imagepaste,function,Yes,❌,❌,❌,"<!--- Create a ColdFusion image from an existing JPEG file and name it ""myImage1"". ---> 
 <cfimage source=""../cfdocs/images/artgallery/jeff05.jpg"" na",
imageread,function,Yes,❌,❌,❌,"imgObj = imageRead(""http://cfdocs.org/apple-touch-icon.png"");
cfimage(action=""writeToBrowser"", source=imgObj);",
imagereadbase64,function,Yes,❌,❌,❌,"imgObj = imageReadBase64('iVBORw0KGgoAAAANSUhEUgAAAAUAAAAFCAYAAACNbyblAAAAHElEQVQI12P4//8/w38GIAXDIBKE0DHxgljNBAAO9TXL0Y4OHwAAAABJRU5ErkJggg==');
cfi",
imageresize,function,Yes,❌,❌,❌,"<cfset myImage=imageNew(""http://www.google.com/images/logo_sm.gif"")> 
 <cfset imageResize(myImage,""50%"","""",""blackman"",2)> 
 <!--- Save the modified ",
imagerotate,function,Yes,❌,❌,❌,"<cfset myImage=imageRead(""http://cfdocs.org/apple-touch-icon.png"")><!--- Rotate the image by 10 degrees. ---> 
 <cfset imageRotate(myImage,10)> 
 <c",
imagerotatedrawingaxis,function,Yes,❌,❌,❌,"<!--- Use imageNew to create a 300x300-pixel image. ---> 
 <cfset myImage=imageNew("""",300,300)> 
 <!--- Turn on antialiasing to improve image qualit",
imagescaletofit,function,Yes,❌,❌,❌,"<!--- Create a ColdFusion image from an existing JPEG file. ---> 
 <cfimage source=""../cfdocs/images/artgallery/jeff05.jpg"" name=""myImage""> 
 <!--- ",
imagesetantialiasing,function,Yes,❌,❌,❌,"<!--- Create a ColdFusion image from an existing JPEG file. --->
<cfset myImage = imageNew(""../cfdocs/images/artgallery/elecia02.jpg"")>
<!--- Turn off",
imagesetbackgroundcolor,function,Yes,❌,❌,❌,"<!--- Create a ColdFusion image from an existing JPEG file. ---> 
 <cfimage name=""myImage"" source=""../cfdocs/images/artgallery/maxwell01.jpg""> 
 <!-",
imagesetdrawingalpha,function,Yes,❌,❌,❌,N/A,N/A
imagesetdrawingcolor,function,Yes,❌,❌,❌,"<!--- Use the imageNew function to create a ColdFusion image. ---> 
 <cfset myImage=imageNew("""",200,300)> 
 <!--- Turn on antialiasing to improve im",
imagesetdrawingstroke,function,Yes,❌,❌,❌,"<!--- Use the imageNew function to create a ColdFusion image. ---> 
 <cfset myImage=imageNew("""",200,200)> 
 <!--- Create an attribute collection to ",
imagesetdrawingtransparency,function,Yes,❌,❌,❌,"TextCharacteristics = { size=""20"", style=""bold"", strikethrough=""false"", underline=""false""};
imgObj = imageNew("""",152,152,""rgb"",""149c82"");
imgObj.set",
imagesharpen,function,Yes,❌,❌,❌,"imgObj = imageRead(""http://cfdocs.org/apple-touch-icon.png"");
imgObj.sharpen(2);
cfimage(action=""writeToBrowser"", source=imgObj);",
imageshear,function,Yes,❌,❌,❌,"imgObj = imageRead(""http://cfdocs.org/apple-touch-icon.png"");
imgObj.shear(1);
cfimage(action=""writeToBrowser"", source=imgObj);",
imagesheardrawingaxis,function,Yes,❌,❌,❌,"imgObj = imageNew("""",152,152,""rgb"",""149c82"");
imgObj.shearDrawingAxis(0.5,0.5);
imgObj.drawRect(40,50,70,50,""yes"");
cfimage(action=""writeToBrowser""",
imagetranslate,function,Yes,❌,❌,❌,"imgObj = imageNew("""",152,152,""rgb"",""149c82"");
imgObj.translate(35,35);
imgObj.drawRect(40,50,70,50,""yes"");
cfimage(action=""writeToBrowser"", source=",
imagetranslatedrawingaxis,function,Yes,❌,❌,❌,"imgObj = imageNew("""",152,152,""rgb"",""149c82"");
imgObj.translateDrawingAxis(50,50);
imgObj.drawRect(40,50,70,50,""yes"");
cfimage(action=""writeToBrowse",
imagewrite,function,Yes,❌,❌,❌,"imgObj = imageRead(""http://cfdocs.org/apple-touch-icon.png"");
imgObj.write('newName.png');",
imagewritebase64,function,Yes,❌,❌,❌,"imgObj = imageNew("""",152,152,""rgb"",""149c82"");
imgObj.writeBase64('base64.txt','jpg');",
imagexordrawingmode,function,Yes,❌,❌,❌,"imgObj = imageNew("""",152,152,""rgb"",""149c82"");
imgObj.xorDrawingMode(""149c82"");
imgObj.setDrawingColor(""white"");
imgObj.drawRect(50,50,50,50,""yes"");
fo",
incrementvalue,function,Yes,✅,✅,✅,incrementValue(7),8
inputbasen,function,Yes,✅,✅,✅,"inputBaseN(""1010"",2)",10
insert,function,Yes,✅,✅,✅,"someString = ' chrome browser';
result = insert('Google', someString, 0);
writeOutput(result);",Google chrome browser
int,function,Yes,✅,✅,✅,int(1.8),1
invoke,function,Yes,✅,✅,✅,"invoke(createObject(""java"", ""java.util.HashMap""), ""size"")",0
isarray,function,Yes,✅,✅,✅,"colorArray = ['yellow','green','red'];
writeOutput(isArray(colorArray));",yes
isbinary,function,Yes,✅,✅,✅,N/A,N/A
isboolean,function,Yes,✅,✅,✅,"isBoolean(""yes"")",YES
isclosure,function,Yes,✅,✅,✅,"square = function(x) {
    return x * x;
};

writeDump(isClosure(square));",TRUE
iscustomfunction,function,Yes,✅,✅,✅,"function myfunc() {
return 1;
}
 writeDump( isCustomFunction(myfunc) );",YES
isdate,function,Yes,✅,✅,✅,"<cfset Date = CreateDate(2012, 12, 12)>
<cfset result = isDate(Date)>
<cfoutput>#result#</cfoutput>",Yes
isdebugmode,function,Yes,✅,❌,❌,N/A,N/A
isdefined,function,Yes,✅,✅,✅,"<cfif isDefined(""form.submit"")>...</cfif>",
isempty,function,Yes,✅,✅,✅,N/A,N/A
isimage,function,Yes,❌,❌,❌,"<cfset myImage = imageNew(""./sample.png"")>
<cfif isImage(myImage)>
	<cfimage action=""writeToBrowser"" source=""#myImage#"">
</cfif>",
isimagefile,function,Yes,❌,❌,❌,"<cfset myImage = expandPath(""./sample.png"")>
<cfif isImageFile(myImage)>
	<cfimage action=""writeToBrowser"" source=""#myImage#"">
</cfif>",
isinstanceof,function,Yes,✅,✅,✅,N/A,N/A
isinthread,function,Yes,✅,❌,❌,"request.inthread = false;
writeOutput(isInThread());
thread action=""run"" name=""inThread"" {
 request.inthread = isInThread();
}
sleep(1000);
writeOutpu",falsetrue
isipinrange,function,Yes,❌,❌,❌,N/A,N/A
isipv6,function,Yes,✅,❌,❌,N/A,N/A
isjson,function,Yes,✅,✅,✅,N/A,N/A
isk2serverabroker,function,Yes,❌,❌,❌,N/A,N/A
isk2serverdoccountexceeded,function,Yes,❌,❌,❌,N/A,N/A
isk2serveronline,function,Yes,❌,❌,❌,N/A,N/A
isleapyear,function,Yes,✅,✅,✅,"date = now();
isLeapYear = isLeapYear(year(date));
writeOutput(isLeapYear);",
islocalhost,function,Yes,✅,❌,❌,N/A,N/A
isnotmap,function,Yes,❌,❌,❌,"myMap = createObject('java','java.util.HashMap');
myMap.put('a','1');
writeOutput(isNotMap(myMap));",true
isnull,function,Yes,✅,✅,✅,N/A,N/A
isnumeric,function,Yes,✅,✅,✅,isNumeric(23),YES
isnumericdate,function,Yes,❌,❌,❌,"<cfset Date = isNumericDate(now()) >
<cfoutput>#Date#</cfoutput>",Yes
isobject,function,Yes,✅,✅,✅,N/A,N/A
ispdfobject,function,Yes,❌,❌,❌,N/A,N/A
isquery,function,Yes,✅,✅,✅,"names = queryNew( 'name','varchar' );
queryAddRow( names );
querySetCell( names,'name','Seth' );
queryAddRow( names );
querySetCell( names,'name','Jen",
issimplevalue,function,Yes,✅,✅,✅,N/A,N/A
issoaprequest,function,Yes,❌,❌,❌,N/A,N/A
isstruct,function,Yes,✅,✅,✅,N/A,N/A
isuserinanyrole,function,Yes,❌,❌,❌,N/A,N/A
isuserinrole,function,Yes,❌,❌,❌,N/A,N/A
isuserloggedin,function,Yes,❌,❌,❌,N/A,N/A
isvalid,function,Yes,✅,✅,✅,"isValid(""integer"", 235)",true
isvideofile,function,Yes,❌,❌,❌,N/A,N/A
iswddx,function,Yes,❌,❌,❌,N/A,N/A
isxml,function,Yes,✅,✅,✅,N/A,N/A
isxmlattribute,function,Yes,✅,✅,✅,N/A,N/A
isxmldoc,function,Yes,✅,✅,✅,"<cfxml variable=""example"">
	<coldfusionengines>
		<engine>
			<name>Adobe ColdFusion</name>
		</engine>
		<engine>
			<name>Lucee</name>
		</engine>
	",YES
isxmlelem,function,Yes,✅,✅,✅,"<cfxml variable=""example"">
	<coldfusionengines>
		<engine>
			<name>Adobe ColdFusion</name>
		</engine>
		<engine>
			<name>Lucee</name>
		</engine>
	",YES
isxmlnode,function,Yes,✅,✅,✅,"<cfxml variable=""example"">
	<coldfusionengines>
		<engine>
			<name>Adobe ColdFusion</name>
		</engine>
		<engine>
			<name>Lucee</name>
		</engine>
	",YES
isxmlroot,function,Yes,✅,✅,✅,"<cfxml variable=""example"">
	<coldfusionengines>
		<engine>
			<name>Adobe ColdFusion</name>
		</engine>
		<engine>
			<name>Lucee</name>
		</engine>
	",YES
iszipfile,function,Yes,✅,❌,❌,N/A,N/A
javacast,function,Yes,✅,✅,✅,"createObject(""java"", ""java.lang.Math"").toRadians( javaCast(""double"", 180.0) )",3.14159265359
jsstringformat,function,Yes,✅,✅,✅," string = ""An example string value with """"quoted"""" 'text'"";
 writeOutput(JSStringFormat(string)) ;",
lcase,function,Yes,✅,✅,✅,lCase('CFDocs Rock'),cfdocs rock
left,function,Yes,✅,✅,✅,"writeOutput( left( 'The quick brown fox jumped over the lazy dog', 19 ) );",The quick brown fox
len,function,Yes,✅,✅,✅,"someString = 'ColdFusion';
writeOutput(len(someString));",10
listappend,function,Yes,✅,✅,✅,"oldList = ""bar,bar2"";
newList = listAppend(oldList, ""foo"");
writeOutput(oldList & ""-->"" & newList);","bar,bar2,foo"
listavg,function,Yes,✅,❌,❌,"athletes = queryNew('id,name,bestTime', 'integer,varchar,decimal');
queryAddRow(athletes,[{
	id: 0,
	name: 'Anne',
	bestTime: 15.4
},{
	id: 1,
	name: ",Athlete's average best time is 12.43 seconds.
listchangedelims,function,Yes,✅,✅,✅,"listChangeDelims(""foo,bar,lorem,ipsum"", ""|"")",foo|bar|lorem|ipsum
listcompact,function,Yes,✅,✅,✅,"listCompact("",eggs,milk,bread,flour,"")","eggs,milk,bread,flour"
listcontains,function,Yes,❌,✅,✅,N/A,N/A
listcontainsnocase,function,Yes,❌,✅,✅,N/A,N/A
listdeleteat,function,Yes,✅,✅,✅,"listDeleteAt(""foo,bar,lorem,ipsum"", 2)","foo,lorem,ipsum"
listeach,function,Yes,✅,✅,✅,"list = ""a;b;c"";
listEach(list, function(element,index,list) {
    writeOutput(""#index#:#element#;"");
}, "";"");",1:a;2:b;3:c;
listevery,function,Yes,✅,✅,✅,N/A,N/A
listfilter,function,Yes,✅,✅,✅,"numberList = '1,2,3,4,5,6';

threeOrMore = listFilter(numberList, function(item){
     return item >= 3;
});
writedump(threeOrMore);","A List with the values '3,4,5,6'"
listfind,function,Yes,✅,✅,✅,"listFind(""apple,orange,banana"", ""orange"")",2
listfindnocase,function,Yes,❌,✅,✅,"listFindNoCase(""apple,orange,banana"", ""orange"")",2
listfirst,function,Yes,❌,✅,✅,"listFirst(""one,two,three,four"");",one
listgetat,function,Yes,✅,✅,✅,"listGetAt(""foo,bar,lorem,ipsum"", 2)",bar
listindexexists,function,Yes,✅,✅,✅,"<cfset list=""Apple,Orange,Banana,Graphs"">
<cfif listIndexExists(list,2)>
	<cfset list=listsetAt(list,2,""Goa"")>
</cfif>
<cfoutput>#list#</cfoutput>","Apple,Goa,Banana,Graphs"
listinsertat,function,Yes,✅,✅,✅,"listInsertAt(""bar,lorem,ipsum"", 2, ""foo"")","bar,foo,lorem,ipsum"
listitemtrim,function,Yes,✅,✅,✅,"exampleList = ""hello, world ,this, is a, ,example"";
writeOutput(listItemTrim(examplelist));","hello,world,this,is a,,example"
listlast,function,Yes,❌,✅,✅,"listLast(""one,two,three,four"");",four
listlen,function,Yes,✅,✅,✅,"listLen(""foo,bar,bar2,foo2"")",4
listmap,function,Yes,✅,✅,✅,"Rainbow = ""Whero, Karaka, Kowhai, Kakariki, Kikorangi, Tawatawa, Mawhero"";
externalList = """";
reverseRainbow = listMap( rainbow, function(v,i,l) {
",
listprepend,function,Yes,✅,✅,✅,"seinfeldList = ""Close Talker,Soup Nazi"";
seinfeldList = seinfeldList.listPrepend(""Puffy Shirt"");
writeOutput(seinfeldList);","""Puffy Shirt,Close Talker,Soup Nazi"""
listqualify,function,Yes,✅,✅,✅,"list = ""coldfusion:railo:144:lucee:46"";
writeOutput(listQualify(list, ""|"", "":""));",|coldfusion|:|railo|:|144|:|lucee|:|46|
listreduce,function,Yes,✅,✅,✅,"numbers = ""1,2,3,4,5,6,7,8,9,10""; 
 sum = listReduce(numbers, function(previousValue, value) 
 { 
 return previousValue + value; 
 },  0); 
 writ",
listremoveduplicates,function,Yes,✅,✅,✅,"listRemoveDuplicates(""one,two,three,four,five,one,five,three"")","one,two,three,four,five"
listrest,function,Yes,✅,✅,✅,"listRest(""one,two,three,four"");","two,three,four"
listsetat,function,Yes,✅,✅,✅,"listSetAt(""bar,lorem,ipsum"", 2, ""foo"")","bar,foo,ipsum"
listsome,function,Yes,✅,✅,✅,"var fruitList = arrayToList([""apple"", ""mango"", ""orange"", ""pear""], "","");
writeOutput(listSome(fruitList, function(fruit) {
	return findNoCase(""n"", frui",true
listsort,function,Yes,✅,✅,✅,"list = ""COLDFUSION,coldfusion,adobe,LucEE,RAILO"";
sortList = listSort(list, ""Text"", ""desc"");
writeOutput(sortList);","coldfusion,adobe,RAILO,LucEE,COLDFUSION "
listtoarray,function,Yes,✅,✅,✅,"list = ""red,green,orange"";
getArray = listToArray(list);
someJSON = serializeJSON(getArray);
writeOutput(someJSON);","[""red"", ""green"", ""orange""]"
listtrim,function,Yes,❌,❌,❌,N/A,N/A
listvaluecount,function,Yes,✅,✅,✅,N/A,N/A
listvaluecountnocase,function,Yes,❌,❌,❌,N/A,N/A
ljustify,function,Yes,❌,✅,✅,"<cfset length=10>
<cfset result = LJustify(""abc"",length)>
<cfoutput>
    <pre>~#result#~</pre>
</cfoutput>",
location,function,Yes,❌,❌,❌,"if (!structKeyExists(session, ""userID"") {
	location(""login.cfm"");
}",
log,function,Yes,✅,✅,✅,log(3.1),1.131402111491
log10,function,Yes,✅,✅,✅,log10(3.1),0.491361693834
lscurrencyformat,function,Yes,❌,✅,✅,"<!--- loop through list of locales; show currency values for 100,000 units --->
<cfloop LIST = ""#Server.Coldfusion.SupportedLocales#""
index = ""local",
lsdateformat,function,Yes,❌,✅,✅,"<!--- loop through a list of locales; show date values for now()---> 
 <cfloop list = ""#Server.Coldfusion.SupportedLocales#"" 
 index = ""locale"" delimi",
lsdatetimeformat,function,Yes,❌,✅,✅,"lsDateTimeFormat(""2015-04-11 19:02"", ""short"")",
lsdayofweek,function,Yes,❌,✅,✅,N/A,N/A
lseurocurrencyformat,function,Yes,❌,✅,✅,"<!--- Loop through list of locales, show currency values for 100,000 units --->
<cfloop list = ""#Server.Coldfusion.SupportedLocales#""
index = ""local",
lsiscurrency,function,Yes,❌,✅,✅,N/A,N/A
lsisdate,function,Yes,❌,✅,✅,N/A,N/A
lsisnumeric,function,Yes,❌,✅,✅,lsIsNumeric('Ten'),NO
lsnumberformat,function,Yes,❌,✅,✅,"<!--- loop through a list of locales and show number values --->
<cfloop LIST = ""#Server.Coldfusion.SupportedLocales#""
index = ""locale"" delimiters =",
lsparsecurrency,function,Yes,❌,✅,✅,"lsParseCurrency(""$120.50"")",120.5
lsparsedatetime,function,Yes,❌,✅,✅,"lsParseDateTime(""01/08/2011"")",{ts '2011-01-08 00:00:00'}
lsparseeurocurrency,function,Yes,❌,❌,❌,N/A,N/A
lsparsenumber,function,Yes,❌,❌,❌,"str = numberFormat(42,'000.00');
num = lsParseNumber(str);
writeOutput(str&' → '&num);",042.00 → 42
lstimeformat,function,Yes,❌,✅,✅,"<!--- loop through a list of locales and show time values ---> 
 <cfloop LIST = ""#Server.Coldfusion.SupportedLocales#"" 
 index = ""locale"" delimiters",
lsweek,function,Yes,❌,✅,✅,"WriteOutput( lsWeek( createDateTime( '2019', '10', '04', '01', '50', '00' ), 'en_US', 'CDT' ) );",40
ltrim,function,Yes,✅,✅,✅,'>' & lTrim('    CFDocs    ') & '<',>CFDocs    <
manifestread,function,Yes,❌,❌,❌,dump(manifestRead(path));,
max,function,Yes,✅,✅,✅,"<cfset myNum1 = 4 /> 
<cfset myNum2 = 9 /> 
<cfoutput>The maximum of #myNum1# and #myNum2# numbers is #max(myNum1, myNum2)#.</cfoutput>",The maximum of 4 and 9 is 9.
metaphone,function,Yes,❌,✅,✅,"Metaphone(""Donaudampfschiffahrtsgesellschaftskapitän"")",TNTM
mid,function,Yes,✅,✅,✅,"mid(""20001122"", ""5"", ""2"")",11
millisecond,function,Yes,❌,✅,✅,N/A,N/A
min,function,Yes,✅,✅,✅,"<cfset myNum1 = 4 /> 
<cfset myNum2 = 9 /> 
<cfoutput>The minimum of #myNum1# and #myNum2# numbers is #min(myNum1, myNum2)#.</cfoutput>",The minimum of 4 and 9 is 4.
minute,function,Yes,❌,✅,✅,"dt = createdatetime(2016,1,1,5,30,25);
m = minute( dt );
writeoutput( m );",30
month,function,Yes,❌,✅,✅,"dt = createdatetime(2016,1,1,5,30,25);
m = month( dt );
writeoutput( m );",1
monthasstring,function,Yes,❌,✅,✅,"getVal = monthAsString(11); 
 writeDump(getVal);",result is: November
monthshortasstring,function,Yes,❌,❌,❌,"getVal = monthShortAsString(3); 
 writeOutput(getVal);",Mar
newline,function,Yes,❌,❌,❌,N/A,N/A
now,function,Yes,✅,✅,✅,writeOutput( 'The current date and time is: ' & now() );,The current date and time is: {ts '2014-03-19 15:27:42'}
nowserver,function,Yes,❌,✅,✅,nowServer(),
nullvalue,function,Yes,✅,✅,✅,N/A,N/A
numberformat,function,Yes,✅,✅,✅,"<cfoutput>1.234 ('__.00') -> #numberFormat(1.234,'__.00')#<br/> <!--- 1.23 --->
1234 ('__.00') -> #numberFormat(1234,'__.00')#<br/> <!--- 1234.00 --->",
objectequals,function,Yes,❌,❌,❌,"<cfset isNotConflict = objectEquals(originalobject, serverobject)>
<cfdump var=""#isNotConflict#"" />",
objectload,function,Yes,❌,❌,❌,"people = queryNew('id,name','integer,varchar', {'id':1,'name':'Pedro'});
binary_people = objectSave(people);
writeDump(binary_people);
restored_people",
objectsave,function,Yes,❌,❌,❌,"people = queryNew('id,name','integer,varchar', {'id':1,'name':'Pedro'});
binary_people = objectSave(people);
writeDump(binary_people);
restored_people",
onapplicationend,function,Yes,❌,❌,❌,"public void function onApplicationEnd(struct ApplicationScope){

		writeLog(text = ""#arguments.ApplicationScope.name# ended on: #now()#"");
		return tr",
onapplicationstart,function,Yes,❌,❌,❌,N/A,N/A
onerror,function,Yes,❌,❌,❌,N/A,N/A
onmissingmethod,function,Yes,❌,❌,❌,"public function onMissingMethod(missingMethodName, missingMethodArguments) {
    if (reFindNoCase(""^get[a-zA-Z0-9]+ForHTML$"", arguments.missingMethod",
onmissingtemplate,function,Yes,❌,❌,❌,N/A,N/A
onrequest,function,Yes,❌,❌,❌,N/A,N/A
onrequestend,function,Yes,❌,❌,❌,N/A,N/A
onrequeststart,function,Yes,❌,❌,❌,N/A,N/A
onsessionend,function,Yes,❌,❌,❌,N/A,N/A
onsessionstart,function,Yes,❌,❌,❌,N/A,N/A
ormclearsession,function,Yes,❌,❌,❌,ormClearSession();,
ormcloseallsessions,function,Yes,❌,❌,❌,"ormCloseAllSessions() 
",
ormclosesession,function,Yes,❌,❌,❌,ormCloseSession();,
ormevictcollection,function,Yes,❌,❌,❌,"<cfset ormEvictCollection(""CArtists"", ""arts"")>",
ormevictentity,function,Yes,❌,❌,❌,"<cfset ormEvictEntity(""CArtists"")>",
ormevictqueries,function,Yes,❌,❌,❌,ormEvictQueries();,
ormexecutequery,function,Yes,❌,❌,❌,N/A,N/A
ormflush,function,Yes,❌,❌,❌,ormFlush();,
ormgetsession,function,Yes,❌,❌,❌,ormGetSession();,
ormgetsessionfactory,function,Yes,❌,❌,❌,ormGetSessionFactory();,
ormreload,function,Yes,❌,❌,❌,"component {
	this.name = hash(getCurrentTemplatePath());
	this.datasource = ""somedatasourceORM"";
	// turn on ORM for this application
	this.ormenabled",string
pagepoolclear,function,Yes,✅,❌,❌, writeDump(pagePoolClear());,
pagepoollist,function,Yes,❌,❌,❌, writeDump(pagePoolList());,
paragraphformat,function,Yes,✅,✅,✅,N/A,N/A
parsedatetime,function,Yes,✅,❌,❌,"<cfset dateTimeVar = #dateTimeFormat(now(), ""yyyy.MM.dd HH:nn:ss "")# /> 
 <cfoutput> 
 #parseDateTime(dateTimeVar)# 
 </cfoutput> ",
parsenumber,function,Yes,✅,❌,❌,N/A,N/A
pi,function,Yes,✅,✅,✅,pi(),3.14159265359
precisionevaluate,function,Yes,✅,❌,❌,precisionEvaluate( 1/3 + 5 ),5.333333333333
preservesinglequotes,function,Yes,✅,✅,✅,N/A,N/A
quarter,function,Yes,❌,✅,✅,"dt = createdatetime(2016,1,1,5,30,25);
q = quarter( dt );
writeoutput( q );",1
query,function,Yes,❌,❌,❌,<cfscript>myQuery = query();</cfscript>,
queryaddcolumn,function,Yes,✅,✅,✅,"<!--- Make a query. ---> 
 <cfset myQuery = queryNew("""")> 
  <!--- Create an array. ---> 
 <cfset FastFoodArray = arrayNew(1)> 
 <cfset FastFoodAr",
queryaddrow,function,Yes,✅,✅,✅,"news = queryNew(""id,title"", ""integer,varchar"");
queryAddRow(news, {""id""=1,""title""=""Dewey defeats Truman""});
writeDump(news);",
queryappend,function,Yes,✅,✅,✅,"names = queryNew(""empl_id,name"", ""integer,varchar"", [[""empl_id""=1239,""name""=""John""]]);
newnames = queryNew(""empl_id,name"", ""integer,varchar"", [[""empl_",
querycolumnarray,function,Yes,✅,✅,✅,"news = queryNew(""id,title"",
	""integer,varchar"", [{
		""id"": 1,
		""title"": ""Dewey defeats Truman""
	}, {
		""id"": 2,
		""title"": ""Man walks on Moon""
	}]
);",
querycolumncount,function,Yes,✅,✅,✅,N/A,N/A
querycolumndata,function,Yes,✅,✅,✅,"myQuery = QueryNew( '' );
names = [ 'Indra','Elizabeth','Harry','Seth' ];
queryAddColumn( myQuery,'name','varchar',names );
result = queryColumnData( ",
querycolumnexists,function,Yes,✅,✅,✅,N/A,N/A
querycolumnlist,function,Yes,✅,✅,✅,"myQuery = queryNew( 'ID,name,age' );
writeOutput( queryColumnList( myQuery ) );","ID,name,age"
queryconvertforgrid,function,Yes,❌,❌,❌,"<!--- cfm page ---> 
 <cfform> 
 <cfgrid format=""html"" name=""grid01"" pagesize=5 sort=true bind=""cfc:places.getData({cfgridpage},{cfgridpagesize}, {c",
querycurrentrow,function,Yes,✅,❌,❌,"<cfset myQuery = queryNew(""id,name"",""integer,varchar"",[[1,""Rajesh""],[2,""Anil""]])>
<cfloop query=""myQuery"">
	<cfif name Eq ""Anil"">
		<cfoutput>#quer",2
querydeletecolumn,function,Yes,✅,✅,✅,"news = queryNew(""id,title"", ""integer,varchar"", [ {""id"":1,""title"":""Dewey defeats Truman""}, {""id"":2,""title"":""Man walks on Moon""} ]);
queryDeleteColumn(n","{""COLUMNS"":[""TITLE""],""DATA"":[[""Dewey defeats Truman""],[""Man walks on Moon""]]}"
querydeleterow,function,Yes,✅,✅,✅,"news = queryNew(""id,title"", ""integer,varchar"", [ {""id"":1,""title"":""Dewey defeats Truman""}, {""id"":2,""title"":""Man walks on Moon""} ]);
queryDeleteRow(news",Dewey defeats Truman
queryeach,function,Yes,✅,✅,✅,"<cfscript>
    news = queryNew(""id,title"",
    	""integer,varchar"", [{
    		""id"": 1,
    		""title"": ""Dewey defeats Truman""
    	}, {
    		""id"":","1 Dewey defeats Truman
2 Man walks on Moon"
queryevery,function,Yes,✅,✅,✅,"<cfscript>
data = query(foo: [51,52,535]);
allGT50 = queryEvery(function(row){ return row.foo > 50; });
</cfscript>",true
queryexecute,function,Yes,✅,✅,✅,"qryResult = queryExecute(""SELECT * FROM Employees"");",
queryfilter,function,Yes,✅,✅,✅,"news = queryNew(""id,type,title"", ""integer,varchar,varchar"");
    queryAddRow(news,[{
        id: 1,
        type: ""book"",
        title: ""Cloud At","Cloud Atlas, Lord of The Rings"
querygetcell,function,Yes,✅,✅,✅,"<cfset myQuery = queryNew(""id,name"",""integer,varchar"",[[1,""Rajesh""],[2,""Anil""]])>
<cfoutput>#querygetcell(myQuery,'name')#</cfoutput>",Anil
querygetrow,function,Yes,❌,✅,✅,"news = queryNew(""id,title"",
    ""integer,varchar"",
    [ {""id"":1,""title"":""Dewey defeats Truman""}, {""id"":2,""title"":""Man walks on Moon""} ]);
writeOut","{""title"":""Dewey defeats Truman"",""id"":1}"
queryinsertat,function,Yes,✅,✅,✅,"qry=queryNew(""rowid,name"", ""integer,varchar"",[ [1, ""Jay""],[2, ""Bob""],[3, ""Theodore""],[4, ""William""] ]);
rufus=QueryNew(""rowid,name"",""integer,varchar"",",
querykeyexists,function,Yes,✅,❌,❌,N/A,N/A
querylazy,function,Yes,❌,❌,❌,"records = 0
 queryLazy(
 sql=""SELECT * FROM users;"",
 listener=function(row){
 // Do something with a query row
 records++;
 },
 options={
 datasource",Records: 10
querymap,function,Yes,✅,✅,✅,"news = queryNew(""id,title"",
	""integer,varchar"", [{
		""id"": 1,
		""title"": ""Dewey defeats Truman""
	}, {
		""id"": 2,
		""title"": ""Man walks on Moon""
	}]
);",
querynew,function,Yes,✅,✅,✅,"news = queryNew(""id,title"", ""integer,varchar"");
queryAddRow(news);
querySetCell(news, ""id"", ""1"");
querySetCell(news, ""title"", ""Dewey defeats Truman"");",
queryprepend,function,Yes,✅,✅,✅,"names = queryNew(""empl_id,name"", ""integer,varchar"", [[""empl_id""=1239,""name""=""John""]]);
newnames = queryNew(""empl_id,name"", ""integer,varchar"", [[""empl_",
queryrecordcount,function,Yes,✅,✅,✅,"heroes = queryNew(""id,Name"",
            ""integer,varchar"",
            [
                {""id"":1,""Name"":""Bruce Banner""},
                {""id"":2,",4
queryreduce,function,Yes,✅,✅,✅,"fruits = queryNew(""fruit,amount"",
    	""varchar,integer"", [{
    		""fruit"": ""apples"",
    		""amount"": 15
    	}, {
    		""fruit"": ""pineapples"",
",50
queryreverse,function,Yes,✅,✅,✅,"heroes = queryNew(
            ""id,Name"",
            ""integer,varchar"",
            [
                {""id"":1,""Name"":""Bruce Banner""},
          ",
queryrowdata,function,Yes,✅,❌,❌,"<cfset myQuery = queryNew(""id,name,age"",""integer,varchar,integer"",[[1,""Dharshini"",20],[2,""Subash"",18]])>
<cfdump var=""#queryRowData(myQuery,2)#"" />",
queryrowswap,function,Yes,✅,✅,✅,"qry=queryNew(""rowid,name"", ""integer,varchar"",[ [1, ""Bob""],[2, ""Theodore""],[3, ""Jay""],[4, ""William""] ]);
swap1=queryRowSwap(qry,1,4);
writeDump(swap1);",
querysetcell,function,Yes,✅,✅,✅,"<!--- start by making a query ---> 
 <cfquery name = ""GetCourses"" datasource = ""cfdocexamples""> 
 SELECT Course_ID, Descript 
 FROM Courses 
 </cf",
querysetrow,function,Yes,✅,✅,✅,"news = queryNew(""id,title"", ""integer,varchar"", [{""id""=1,""title""=""Dewey defeats Truman""},{""id""=2,""title""=""Men walk on Moon""},{""id""=3,""title""=""Nixon Res",
queryslice,function,Yes,✅,✅,✅,"data = [
	[ 1,'James' ],
	[ 2,'Alfred' ],
	[ 3,'Amisha' ],
	[ 4,'Terri' ]
];
myQuery = QueryNew( 'ID,name','integer,varchar',data );
result = QuerySli",
querysome,function,Yes,✅,✅,✅,"<cfscript>
myQuery = queryNew(""id,name,mark"",""integer,varchar,integer"",[[1,""Rahu"",75],[2,""Ravi"",80]]);
 result = querySome(myQuery , function(detail",Some matches Record found!
querysort,function,Yes,✅,✅,✅,"//build a query
exampleQuery = queryNew(
    ""id,createdDate"",
    ""integer,timestamp"",
    [
        {id=1, createdDate=dateAdd(""d"", randRange(-",
quotedvaluelist,function,Yes,❌,✅,✅,"<cfquery name = ""GetCourseList"" datasource = ""cfdocexamples""> 
 SELECT * 
 FROM CourseList 
 WHERE Dept_ID IN ('#GetDepartments.Dept_ID#') 
 </cfq",
rand,function,Yes,✅,✅,✅,writeOutput( rand() );,
randomize,function,Yes,✅,❌,❌,"<cfset randomize(12345)> <!--- if one was to remove this line, the random numbers are different every time ---> 
 <cfloop index=""i"" from=""1"" to=""10"">",
randrange,function,Yes,✅,✅,✅,"<cfset r = randomize(7, ""SHA1PRNG"")> 
 <cfset local.myInt = 1 /> 
 <cfset local.myInt2 = 999 /> 
<!--- Generate and display the random number. --->",
reescape,function,Yes,✅,✅,✅,reEscape('*.{}[]exam?ple'),\*\.\{\}\[\]exam\?ple
refind,function,Yes,✅,✅,✅,"reFind(""[0-9]+"", ""test 123!"")",6
refindnocase,function,Yes,❌,✅,✅,"reFindNoCase(""E"", ""test 123!"")",2
releasecomobject,function,Yes,❌,❌,❌,N/A,N/A
rematch,function,Yes,✅,✅,✅,"serializeJSON( reMatch(""[0-9]+"", ""1 way to extract any number like 45, 38"") )","[""1"",""45"",""38""]"
rematchnocase,function,Yes,❌,✅,✅," string = ""1234AbcacAcdd"";
 writeDump(reMatchNoCase(""[A-Z]+"",string)) ;",
removechars,function,Yes,✅,✅,✅,"removeChars('Hello CFML World',6,5)",Hello World
render,function,Yes,❌,❌,❌,"str = 'hello world';
savecontent variable=""changed""{
render(""#replace(str,'world','universe')#!"");
}
writeOutput(str);
writeOutput(changed);",hello worldhello universe!
repeatstring,function,Yes,✅,✅,✅,"getVal = repeatString(""ColdFusion "", 3); 
 writeDump(getVal);",Expected Result: ColdFusion ColdFusion ColdFusion
replace,function,Yes,✅,✅,✅,"getVal = replace(""ColdFUsion"", ""U"", ""u"");
writeDump(getVal);",ColdFusion
replacelist,function,Yes,✅,✅,✅,"<cfoutput>#replaceList(""My Test String"", ""Test, String"", ""Replaced, Sentence"")#</cfoutput>",My Replaced Sentence
replacelistnocase,function,Yes,❌,❌,❌,"<cfset myString = ""My test string"" />
<cfset mySubstring1 = ""Test, String"" />
<cfset mySubString2 = ""Replaced, Sentence"" />
<cfoutput>#replaceListN",My Replaced Sentence
replacenocase,function,Yes,✅,✅,✅,"getVal = replaceNoCase(""ColdFUsion"", ""u"", ""a"");
writeDump(getVal);",Expected Result: ColdFasion
rereplace,function,Yes,✅,✅,✅,"reReplace(""test 123!"", ""[^a-z0-9]"", """", ""ALL"")",test123
rereplacenocase,function,Yes,❌,✅,✅,"reReplaceNoCase(""test 123!"", ""[^a-z0-9]"", """", ""ALL"")",test123
restdeleteapplication,function,Yes,❌,❌,❌,"<cfset restDeleteApplication('C:/ColdFusion10/cfusion/wwwroot/restexample/')> 
",
restinitapplication,function,Yes,❌,❌,❌,"restInitApplication( dirPath=expandPath('./cfcs/api/'),serviceMapping='api',password='password' )",
restsetresponse,function,Yes,❌,❌,❌,"<cffunction name='create' httpMethod='POST' produces='application/xml'> 
 <cfargument name='id' type='numeric'> 
 <cfargument name='name' type='Stri",
reverse,function,Yes,✅,✅,✅,reverse('Hello World'),dlroW olleH
right,function,Yes,✅,✅,✅,"writeOutput( right( 'The quick brown fox jumped over the lazy dog', 8 ) );",lazy dog
rjustify,function,Yes,❌,✅,✅,"<cfset length=10>
<cfset result = RJustify(""abc"",length)>
<cfoutput>
    <pre>~#result#~</pre>
</cfoutput>",
round,function,Yes,✅,✅,✅,round(1.56),2
rtrim,function,Yes,✅,✅,✅,'>' & rTrim('    CFDocs    ') & '<',>    CFDocs<
runasync,function,Yes,❌,✅,✅,"future = runAsync(function(){
	return ""Hello World!"";
});
writeOutput(future.get());",Hello World!
sanitizehtml,function,Yes,❌,❌,❌,"unsafe = '<p>a <strong>link</strong> <a href=""https://www.example.com"" onClick=""doSomethingBad()"">test</a></p>';
result = sanitizeHtml( unsafe );
dump",
second,function,Yes,❌,✅,✅,"dt = createdatetime(2016,1,1,5,30,25);
s = second( dt );
writeoutput( s );",25
sendgatewaymessage,function,Yes,❌,❌,❌,N/A,N/A
serialize,function,Yes,❌,❌,❌,"serialize({ ""firstName"": ""John"", ""lastName"": ""Doe"" });","{""lastName"":""Doe"",""firstName"":""John""}"
serializejson,function,Yes,❌,✅,✅,"person = {name=""Pete Freitag"", company=""Foundeo""};
writeOutput( serializeJSON(person) );","{""COMPANY"":""Foundeo"",""NAME"":""Pete Freitag""}"
sessioninvalidate,function,Yes,✅,❌,❌,N/A,N/A
sessionrotate,function,Yes,✅,❌,❌,N/A,N/A
sessionstarttime,function,Yes,✅,❌,❌,N/A,N/A
setencoding,function,Yes,❌,❌,❌,<!--- This example sends and interprets the contents of two fields as big5 encoded text. Note that the form fields are received as URL variables becau,
setlocale,function,Yes,✅,✅,✅,"<cfscript>
    currentLocale = getLocale();
    writeOutput(""Current: "");
    writeDump(currentLocale);
    writeOutput(""<br />"");
    setLocale(",
setprofilestring,function,Yes,❌,✅,✅,N/A,N/A
settimezone,function,Yes,✅,❌,❌,"setTimezone(""CET"");
writeoutput(getTimezoneInfo().timezone);",CET
setvariable,function,Yes,❌,✅,✅,"a=1;
setVariable('a',2);
writeOutput(a);",2
sgn,function,Yes,✅,❌,❌,sgn(0.3),1
sin,function,Yes,✅,✅,✅,sin(0.3),0.295520206661
sizeof,function,Yes,❌,❌,❌,N/A,N/A
sleep,function,Yes,✅,✅,✅,"<cfscript>
    writeOutput(now());
    writeOutput(""<br />"");
    sleep(5000);
    writeOutput(now());
</cfscript>",
soundex,function,Yes,❌,✅,✅,"soundEx(""Robert"")&""/""&soundEx(""Rupert"")&""/""&soundEx(""Rubin"")",R163/R163/R150
spanexcluding,function,Yes,✅,✅,✅,"<cfoutput> 
 #spanExcluding('This is Great', 'r')# 
 </cfoutput>  ",
spanincluding,function,Yes,✅,✅,✅,"<cfoutput> 
 #SpanIncluding('This is Great', 'p')# 
 </cfoutput>  ",
sqr,function,Yes,✅,✅,✅,sqr(144),12
sslcertificateinstall,function,Yes,❌,❌,❌,N/A,N/A
sslcertificatelist,function,Yes,❌,❌,❌,N/A,N/A
storeaddacl,function,Yes,❌,❌,❌,"<cftry> 
 <cfset dir = 's3://bucket_name/'> 
 
     <cfset perm = structNew()> 
     <cfset perm.group = 'authenticated'> 
     <cfset perm.permi",
storegetacl,function,Yes,❌,❌,❌,"<cfset dir = 's3://bucket_Name'> 
     <cfif NOT directoryExists(dir)> 
          <cfset directoryCreate(dir)> 
 </cfif> 
     <cfset test = store",
storegetmetadata,function,Yes,❌,❌,❌,"<cfdump var = #storeGetMetadata('bucket_Name')#>> 
",
storesetacl,function,Yes,❌,❌,❌,"<cftry> 
     <cfset dir = 's3://bucket_name'> 
     <cfif !directoryExists(dir)> 
         <cfset directoryCreate(dir)>     
     </cfif>     
 ",
storesetmetadata,function,Yes,❌,❌,❌,"<cfscript>
	mydate = #now()#;
	hello = structNew();
	hello.color = 'grey';
</cfscript>
<cfset dir = 's3://mycfbucket'>
<cffile action='write' fi",
stringeach,function,Yes,✅,✅,✅,"letters=""ahqwz"";
callback=function(inp){ writeoutput(inp == ""q"");}
StringEach(letters,callback);",NONOYESNONO
stringevery,function,Yes,✅,✅,✅,"letters=""ZZazz"";
callback=function(inp){return inp==""z"";}
allZs = StringEvery(letters,callback);
writeOutput(allZs)",NO
stringfilter,function,Yes,✅,✅,✅,"letters=""zzQQZ"";
callback=function(inp){return inp==""z"";}
onlyZs = StringFilter(letters,callback);
writeOutput(onlyZs);",zzZ
stringlen,function,Yes,❌,❌,❌,"StringLen(""Hello World"")",11
stringmap,function,Yes,✅,✅,✅,"letters=""abcdefg"";
closure=function(inp){return chr(asc(inp)+7);}
writeOutput(StringMap(letters,closure));",hijklmn
stringreduce,function,Yes,✅,✅,✅,"letters=""abcdef"";
closure=function(inp1,inp2){return inp1 & inp2;}
writeOutput( StringReduce(letters,closure,""z"") );",zabcdef
stringsome,function,Yes,✅,✅,✅,"instring=""abcdefg"";
callback=function(inp){return inp > ""f""}
writeoutput(StringSome(instring,callback));",YES
stringsort,function,Yes,✅,✅,✅,"letters=""ZzgiSA"";
writeOutput(stringSort(letters))",ASZgiz
stripcr,function,Yes,✅,✅,✅,"x = 'A' & chr(13) & 'B' & chr(13); 
 y = stripcr( x ); 
 writeoutput( 'Original: ' & x & ' Length: #len(x)#<br>' ); 
 writeoutput( 'Stripped: ' & y",
structappend,function,Yes,✅,✅,✅,"config = {a:0, b:0};
options= {b:1, c:1};
structAppend(config, options, false);
writeOutput( serializeJSON( config ) );","{""A"":0,""B"":0,""C"":1}"
structclear,function,Yes,✅,✅,✅,"profile = {name:'John', instrument:'guitar', occupation:'singer'};
structClear(profile);
writeOutput(serializeJSON(profile));",An empty struct
structcopy,function,Yes,✅,✅,✅,"myStruct = {
    'a': 1,
    'b': 2,
    'c': 3
};
myNewStruct = structCopy(myStruct);
myNewStruct.b = 5;
myNewStruct['d'] = 4;
structDelete(m","b,a,c → b,a,d"
structcount,function,Yes,❌,✅,✅,"user = {
    id = 1,
    firstname = ""Han"",
    lastname = ""Solo"",
    movie = ""Star Wars""
};

writeDump( structCount( user ) );",4
structdelete,function,Yes,✅,✅,✅,"someStruct = {a=1,b=2};
structDelete(someStruct, ""a"");

writeDump(someStruct);",Struct with one key-value pair: B 2
structeach,function,Yes,✅,✅,✅,"someStruct = {a=1,b=2,c=3};

structEach(someStruct,function(key,value) {
     writeOutput('Key ' & key & ' is ' & value & '; ');
});",Key a is 1; Key b is 2; Key c is 3; 
structevery,function,Yes,✅,✅,✅,"var struct = {""Name"":""Dhar"",""Age"":""20"",""Country"":""US""};
structevery(struct,function(key,value){
	writeOutput(key & "":"" & value & "" "");
	return true",Country:US Name:Dhar Age:20
structfilter,function,Yes,✅,✅,✅,"fruitRatings = {apple=4,banana=1,orange=5,mango=2,kiwi=3};

favoriteFruits = structFilter(fruitRatings, function(key, value){
     return value >= 3;
","{apple=4,orange=5,kiwi=3}"
structfind,function,Yes,✅,✅,✅,"countries = {
    ""USA""=""Washington D.C."",
    ""Germany""=""Berlin"",
    ""Japan""=""Tokio""
};
writeOutput(structFind(countries, ""Germany""));",Berlin
structfindkey,function,Yes,✅,✅,✅,"Beatles = {
  person1: { id: 1, firstName: 'John', lastName: 'Lennon' },
  person2: { id: 2, firstName: 'Paul', lastName: 'McCartney' },
  person3: { ","[{""path"":"".PERSON3.LASTNAME"",""owner"":{""LASTNAME"":""Harrison"",""FIRSTNAME"":""George"",""ID"":3},""value"":""Ha"
structfindvalue,function,Yes,✅,✅,✅,"myStruct = { a=2, b=4, c=8, d=10, e=12, f=12 };
myStruct.mySecondStruct = { a1=50, a2=12 };
myStruct.mySecondStruct.myThirdStruct = { b1=12, b2=65 };
","[{""path"":"".E"",""owner"":{""A"":2,""B"":4,""C"":8,""D"":10,""E"":12,""F"":12,""MYSECONDSTRUCT"":{""A1"":50,""A2"":12,""MYT"
structget,function,Yes,✅,✅,✅,"x = { y = { z=8 } };
writeDump( structGet(""x.y.z"") );",8
structinsert,function,Yes,✅,✅,✅,"map = {
    ""hair"" : ""brown"",
    ""eyes"" : ""green""
};
structInsert(map, ""lips"", ""red"");
writeOutput(structKeyList(map));","eyes,lips,hair"
structisempty,function,Yes,❌,✅,✅,"myStruct={};
writeOutput( structIsEmpty(myStruct) );",true
structkeyarray,function,Yes,✅,✅,✅,"statusCodes = {
    OK = 200,
    CREATED = 201,
    NOT_MODIFIED = 304,
    BAD_REQUEST = 400,
    NOT_FOUND = 404
};

writeDump(structKeyArray(statu","[NOT_FOUND, BAD_REQUEST, CREATED, OK, NOT_MODIFIED]"
structkeyexists,function,Yes,✅,✅,✅,"structKeyExists(server, ""os"")",YES
structkeylist,function,Yes,✅,✅,✅,"statusCodes = {
    OK = 200,
    CREATED = 201,
    NOT_MODIFIED = 304,
    BAD_REQUEST = 400,
    NOT_FOUND = 404
};

writeDump(structKeyList(status","""OK | CREATED | NOT_MODIFIED | BAD_REQUEST | NOT_FOUND"""
structkeytranslate,function,Yes,✅,✅,✅,N/A,N/A
structmap,function,Yes,✅,✅,✅,"original = {
    ""one"": {
        1: ""tahi""
    },
    ""two"": {
        2: ""rua""
    },
    ""three"": {
        3: ""toru""
    },
    ""four"": ",
structnew,function,Yes,✅,✅,✅,"unordered = { a=1, c=3, b=2 };
writeDump( unordered );",
structreduce,function,Yes,✅,✅,✅,"rainbow = { ""Red""=""Whero"",  ""Orange""=""Karaka"", ""Yellow""=""Kowhai"",  ""Green""=""Kakariki"" }; 
  ui = structReduce(  rainbow, function(previousValue, key,",
structsome,function,Yes,✅,✅,✅,"<cfscript>
struct={""Name"":""Raja"",""age"":20,""mark"":80};
result = structSome(struct,function(key,value){
	return key IS ""Name""
});
writeOutput((resu",Key Exists.
structsort,function,Yes,✅,✅,✅,"someStruct = {red=93,yellow=90,green=94};
result = structSort(someStruct, ""numeric"", ""desc"");
writeOutput( lcase(serializeJSON(result)) );","[""green"", ""red"", ""yellow""]"
structupdate,function,Yes,✅,✅,✅,"myStruct = {a: 1, b: 2, c: 3, d: 4};
structUpdate(myStruct,'c',15);
writeDump(serializeJSON(myStruct));","{""A"":1,""B"":2,""C"":15,""D"":4}"
structvaluearray,function,Yes,✅,✅,✅,"statusCodes = {
    OK = 200,
    CREATED = 201,
    NOT_MODIFIED = 304,
    BAD_REQUEST = 400,
    NOT_FOUND = 404
};

writeDump(structValueArray(sta","[200, 201, 304, 400, 404]"
systemcacheclear,function,Yes,✅,❌,❌,systemCacheClear();,
systemoutput,function,Yes,✅,❌,❌,"systemOutput(""Hello World"");",
tan,function,Yes,✅,✅,✅,tan(0.3),0.30933624961
threadjoin,function,Yes,✅,❌,❌,N/A,N/A
threadterminate,function,Yes,✅,❌,❌,N/A,N/A
throw,function,Yes,✅,✅,✅,"<cfscript>
throw(type=""MyCustomError"", message=""A custom error has been thrown!"");
</cfscript>",
timeformat,function,Yes,❌,✅,✅,"timeFormat( createDateTime(2017, 8, 31, 15, 25, 11), ""h:mm tt"")",3:25 PM
tobase64,function,Yes,✅,✅,✅,"ToBase64(""Test String"")",VGVzdCBTdHJpbmc=
tobinary,function,Yes,✅,✅,✅,N/A,N/A
tonumeric,function,Yes,✅,✅,✅,"toNumeric(""29.5"")",29.5
toscript,function,Yes,✅,✅,✅,"<h2>ToScript</h2>

<h3>Converting a string variable</h3>
<cfset thisString = ""This is a string"">
<cfoutput>
<b>The thisString variable in ColdFusion</",
tostring,function,Yes,✅,✅,✅,"base64Value = toBase64( ""stringValue"" );
binaryValue = toBinary( base64Value );
stringValue = toString( binaryValue );
writeOutput(stringValue);",Expected Result: stringValue
trace,function,Yes,✅,❌,❌,N/A,N/A
transactioncommit,function,Yes,✅,❌,❌,"
transaction { 
 try { 
 // code to run 
 transaction action=""commit""; 
 } 
 catch(any e) { 
  transaction action=""rollback""; 
  } 
 }",
transactionrollback,function,Yes,✅,❌,❌,"
transaction { 
 try { 
 // code to run 
 transactionCommit(); 
 } 
 catch(any e) { 
  transactionRollback(); 
  } 
 }",
transactionsetsavepoint,function,Yes,✅,❌,❌,"transaction { 
  // insert user 
  transactionSetSavepoint('useradded'); 
  try { 
    // another query 
  } 
  catch(any e) { 
   transactionR",
trim,function,Yes,✅,✅,✅,'>' & trim('    CFDocs    ') & '<',>CFDocs<
truefalseformat,function,Yes,❌,✅,✅,trueFalseFormat(1),true
ucase,function,Yes,✅,✅,✅,uCase('CFDocs Rock'),CFDOCS ROCK
ucfirst,function,Yes,✅,✅,✅,"ucFirst(""hello world!"")",Hello world!
unserializejava,function,Yes,❌,❌,❌,N/A,N/A
urldecode,function,Yes,✅,✅,✅,"urlDecode(""%21"")",!
urlencode,function,Yes,❌,✅,✅,"urlEncode('Apples → Äpfel','utf-8')",Apples+%E2%86%92+%C3%84pfel
urlencodedformat,function,Yes,✅,✅,✅,writeOutput(URLEncodedFormat('This is a string with special character.'));,This%20is%20string%20with%20special%20character%2E
urlsessionformat,function,Yes,❌,❌,❌,N/A,N/A
val,function,Yes,✅,✅,✅,"val(""120test12sstring"");",120
valuearray,function,Yes,❌,❌,❌,"news = queryNew(""id"", ""integer"", [ {id:1}, {id:2} ]);
writeOutput( serializeJSON( valueArray(news, ""id"") ) );","[1,2]"
valuelist,function,Yes,❌,✅,✅,"news = queryNew(""id,title"",
    ""integer,varchar"",
    [ {""id"":1,""title"":""Dewey defeats Truman""}, {""id"":2,""title"":""Man walks on Moon""} ]);
writeOut","1,2"
verifyclient,function,Yes,❌,❌,❌,N/A,N/A
webservicenew,function,Yes,❌,❌,❌,"ws = webserviceNew('http://www.webservicex.net/country.asmx?wsdl');
country = ws.GetCountryByCountryCode('us');
writeOutput(XMLParse(country).NewDat",United States
week,function,Yes,❌,❌,❌,"dt = createdatetime(2016,1,1,5,30,25);
w = week( dt );
writeoutput( w );",1
wrap,function,Yes,✅,✅,✅,"sentence = ""This is a standard sentence."";
wrappedSentence = wrap(sentence, 7);
writeOutput(wrappedSentence);",This is a standar d senten ce.
writedump,function,Yes,❌,✅,✅,writeDump(server);,
writelog,function,Yes,✅,❌,❌,"writeLog(text=""Order #order.getOrderID()# Processed Successfully"", type=""information"", file=""orders"");",
writeoutput,function,Yes,✅,✅,✅,"writeOutput(""Hello World"");",
xmlchildpos,function,Yes,✅,✅,✅,N/A,N/A
xmlelemnew,function,Yes,✅,✅,✅,"<cfset myXml = xmlNew()>
<cfset myXml.XmlRoot = xmlelemnew(myXml,""sampleXml"")>
<cfset myXml.sampleXml.XmlText = ""This is Root node text"">
<cfloop f",
xmlformat,function,Yes,✅,✅,✅,writeOutput( xmlFormat( '<node>Good &amp; Juicy</node>') );,&lt;node&gt;Good &amp;amp; Juicy&lt;/node&gt;
xmlgetnodetype,function,Yes,✅,✅,✅,"<cfxml variable=""xmlobject1"">
	<notes>
		<note>
			<to>Alice</to>
			<from>Bob</from>
			<heading>Reminder</heading>
			<body>Here is the message you ",
xmlnew,function,Yes,✅,✅,✅,"<cfset myXml = xmlNew()>
<cfset myXml.XmlRoot = xmlelemnew(myXml,""sampleXml"")>
<cfset myXml.sampleXml.XmlText =""This is root node text"">
<cfdump va",
xmlparse,function,Yes,✅,✅,✅,"<cffile action=""read"" file=""#tempxml#"" variable=""xmlString"">
<cfset myXML = xmlParse(xmlString)>",
xmlsearch,function,Yes,✅,✅,✅,"<cfsavecontent variable=""xmlstring"">
    <?xml version=""1.0"" encoding=""UTF-8"" standalone=""yes""?>
    <users>
        <user id=""1"">
            <na","Me,You"
xmltransform,function,Yes,✅,❌,❌,N/A,N/A
xmlvalidate,function,Yes,✅,❌,❌,"xmlValidate(""https://www.w3schools.com/xml/note.xml"", ""https://www.w3schools.com/xml/note.xsd"").status",true
year,function,Yes,❌,✅,✅,"dt = createdatetime(2016,1,1,5,30,25);
y = year( dt );
writeoutput( y );",2016
yesnoformat,function,Yes,✅,✅,✅,yesNoFormat(true),Yes
